layer,county_fips,county_name,h3,black_alone_apportioned,black_alone_delta,black_alone_point,dem_votes_apportioned,dem_votes_delta,dem_votes_point,hispanic_or_latino_apportioned,hispanic_or_latino_delta,hispanic_or_latino_point,non_hispanic_white_alone_apportioned,non_hispanic_white_alone_delta,non_hispanic_white_alone_point,rep_votes_apportioned,rep_votes_delta,rep_votes_point,total_population_apportioned,total_population_delta,total_population_point,total_votes_apportioned,total_votes_delta,total_votes_point,voting_age_population_apportioned,voting_age_population_delta,voting_age_population_point,white_alone_apportioned,white_alone_delta,white_alone_point
blocks,001,Alamance,872a8b02dffffff,0.415667,0.415667,0.0,,,,0.717114,0.717114,0.0,8.455808,8.455808,0.0,,,,10.648362,10.648362,0.0,,,,8.862057,8.862057,0.0,8.757255,8.757255,0.0
blocks,001,Alamance,872a8b040ffffff,0.04723,0.04723,0.0,,,,2.733371,-0.266629,3.0,157.932423,-19.067577,177.0,,,,169.944854,-21.055146,191.0,,,,141.801238,-17.198762,159.0,157.932423,-19.067577,177.0
blocks,001,Alamance,872a8b041ffffff,4.253218,1.253218,3.0,,,,6.353774,-1.646226,8.0,204.815514,-64.184486,269.0,,,,218.054199,-64.945801,283.0,,,,185.225318,-59.774682,245.0,204.850414,-64.149586,269.0
blocks,001,Alamance,872a8b043ffffff,2.235772,0.235772,2.0,,,,9.086642,1.086642,8.0,146.322059,28.322059,118.0,,,,164.218895,31.218895,133.0,,,,127.471385,26.471385,101.0,146.322059,28.322059,118.0
blocks,001,Alamance,872a8b044ffffff,119.265911,-23.734089,143.0,,,,53.255029,-9.744971,63.0,608.647743,-145.352257,754.0,,,,861.306234,-185.693766,1047.0,,,,611.786684,-130.213316,742.0,621.196325,-148.803675,770.0
blocks,001,Alamance,872a8b045ffffff,20.538472,18.538472,2.0,,,,14.845373,10.845373,4.0,338.918457,263.918457,75.0,,,,388.905042,300.905042,88.0,,,,311.503916,239.503916,72.0,340.499701,264.499701,76.0
blocks,001,Alamance,872a8b046ffffff,77.052035,38.052035,39.0,,,,28.898943,11.898943,17.0,257.654378,123.654378,134.0,,,,424.489245,181.489245,243.0,,,,270.882855,120.882855,150.0,269.40533,129.40533,140.0
blocks,001,Alamance,872a8b048ffffff,7.871857,-2.128143,10.0,,,,8.27422,-4.72578,13.0,194.529695,-149.470305,344.0,,,,224.17876,-161.82124,386.0,,,,165.070379,-123.929621,289.0,194.987828,-150.012172,345.0
blocks,001,Alamance,872a8b049ffffff,7.56633,0.56633,7.0,,,,11.498691,3.498691,8.0,159.138511,32.138511,127.0,,,,184.211041,37.211041,147.0,,,,151.776941,21.776941,130.0,163.004469,33.004469,130.0
blocks,001,Alamance,872a8b04affffff,14.78476,-3.21524,18.0,,,,11.1459,1.1459,10.0,132.650779,43.650779,89.0,,,,171.173227,43.173227,128.0,,,,130.774124,32.774124,98.0,135.002881,44.002881,91.0
blocks,001,Alamance,872a8b04bffffff,2.508492,0.508492,2.0,,,,5.938095,1.938095,4.0,85.743785,66.743785,19.0,,,,104.48291,72.48291,32.0,,,,87.659366,62.659366,25.0,87.916611,66.916611,21.0
blocks,001,Alamance,872a8b04cffffff,4.693989,-4.306011,9.0,,,,4.878975,-3.121025,8.0,130.702531,-100.297469,231.0,,,,144.958307,-111.041693,256.0,,,,114.898718,-87.101282,202.0,130.702531,-100.297469,231.0
blocks,001,Alamance,872a8b04dffffff,1.594553,-1.405447,3.0,,,,8.810237,-6.189763,15.0,127.450945,-40.549055,168.0,,,,141.120176,-50.879824,192.0,,,,109.012361,-42.987639,152.0,129.847865,-44.152135,174.0
blocks,001,Alamance,872a8b04effffff,8.73468,4.73468,4.0,,,,5.620267,0.620267,5.0,110.086919,29.086919,81.0,,,,132.661363,34.661363,98.0,,,,107.880256,29.880256,78.0,112.047609,29.047609,83.0
blocks,001,Alamance,872a8b05dffffff,0.381147,0.381147,0.0,,,,0.153698,0.153698,0.0,1.375745,1.375745,0.0,,,,2.154462,2.154462,0.0,,,,1.847065,1.847065,0.0,1.375745,1.375745,0.0
blocks,001,Alamance,872a8b060ffffff,709.627183,17.627183,692.0,,,,363.237218,18.237218,345.0,2162.340013,111.340013,2051.0,,,,3530.592605,142.592605,3388.0,,,,2864.599492,117.599492,2747.0,2219.955842,111.955842,2108.0
blocks,001,Alamance,872a8b061ffffff,38.524025,-7.475975,46.0,,,,38.641056,3.641056,35.0,417.300116,-34.699884,452.0,,,,512.554989,-35.445011,548.0,,,,421.527654,-35.472346,457.0,419.792504,-33.207496,453.0
blocks,001,Alamance,872a8b062ffffff,560.430527,-38.569473,599.0,,,,222.7635,-21.2365,244.0,1583.137637,-161.862363,1745.0,,,,2679.605321,-237.394679,2917.0,,,,2282.310688,-207.689312,2490.0,1600.302713,-164.697287,1765.0
blocks,001,Alamance,872a8b063ffffff,274.465131,-36.534869,311.0,,,,100.261985,-6.738015,107.0,609.598783,-16.401217,626.0,,,,1095.622829,-67.377171,1163.0,,,,866.746768,-43.253232,910.0,630.335667,-16.664333,647.0
blocks,001,Alamance,872a8b064ffffff,176.480537,-12.519463,189.0,,,,244.432937,-11.567063,256.0,2572.134292,-138.865708,2711.0,,,,3149.604986,-173.395014,3323.0,,,,2631.928493,-141.071507,2773.0,2617.964355,-138.035645,2756.0
blocks,001,Alamance,872a8b065ffffff,1701.222631,36.222631,1665.0,,,,641.535093,-0.464907,642.0,2468.116024,-58.883976,2527.0,,,,5153.66503,-19.33497,5173.0,,,,3957.662196,-63.337804,4021.0,2564.718764,-56.281236,2621.0
blocks,001,Alamance,872a8b066ffffff,250.188016,20.188016,230.0,,,,161.177509,18.177509,143.0,2691.258557,155.258557,2536.0,,,,3351.80738,214.80738,3137.0,,,,2808.757021,194.757021,2614.0,2722.75849,159.75849,2563.0
blocks,001,Alamance,872a8b068ffffff,9.758756,-9.241244,19.0,,,,12.934733,-9.065267,22.0,296.258925,-271.741075,568.0,,,,330.399955,-295.600045,626.0,,,,271.846895,-238.153105,510.0,297.016242,-272.983758,570.0
blocks,001,Alamance,872a8b069ffffff,2.964967,2.964967,0.0,,,,9.727992,-1.272008,11.0,342.403413,3.403413,339.0,,,,362.07215,5.07215,357.0,,,,295.436599,2.436599,293.0,349.673436,3.673436,346.0
blocks,001,Alamance,872a8b06affffff,43.774112,-28.225888,72.0,,,,30.839055,-12.160945,43.0,570.466297,-243.533703,814.0,,,,683.360128,-292.639872,976.0,,,,522.647761,-219.352239,742.0,572.508099,-244.491901,817.0
blocks,001,Alamance,872a8b06bffffff,2.719013,-2.280987,5.0,,,,8.787649,2.787649,6.0,153.737661,-20.262339,174.0,,,,171.876667,-17.123333,189.0,,,,139.91148,-19.08852,159.0,155.737661,-20.262339,176.0
blocks,001,Alamance,872a8b06cffffff,109.067093,-9.932907,119.0,,,,95.275723,-15.724277,111.0,457.992237,-6.007763,464.0,,,,689.597425,-35.402575,725.0,,,,481.974429,-19.025571,501.0,478.238162,-8.761838,487.0
blocks,001,Alamance,872a8b06dffffff,31.524335,26.524335,5.0,,,,27.880895,13.880895,14.0,459.620875,117.620875,342.0,,,,535.208089,167.208089,368.0,,,,412.225227,122.225227,290.0,463.216744,117.216744,346.0
blocks,001,Alamance,872a8b06effffff,36.482289,25.482289,11.0,,,,44.20388,22.20388,22.0,427.377492,274.377492,153.0,,,,532.536355,330.536355,202.0,,,,425.754797,250.754797,175.0,436.258896,277.258896,159.0
blocks,001,Alamance,872a8b070ffffff,1.252644,1.252644,0.0,,,,2.050627,2.050627,0.0,7.903443,7.903443,0.0,,,,11.418002,11.418002,0.0,,,,9.019193,9.019193,0.0,8.14419,8.14419,0.0
blocks,001,Alamance,872a8b071ffffff,322.463881,47.463881,275.0,,,,197.228183,28.228183,169.0,1137.396707,200.396707,937.0,,,,1892.603929,292.603929,1600.0,,,,1399.038562,256.038562,1143.0,1180.428261,201.428261,979.0
blocks,001,Alamance,872a8b074ffffff,115.381132,3.381132,112.0,,,,94.258664,2.258664,92.0,1080.777361,37.777361,1043.0,,,,1391.079944,41.079944,1350.0,,,,1116.725999,31.725999,1085.0,1095.812061,37.812061,1058.0
blocks,001,Alamance,872a8b075ffffff,190.344254,26.344254,164.0,,,,139.337733,-9.662267,149.0,2571.399198,-1.600802,2573.0,,,,3019.419095,26.419095,2993.0,,,,2570.411699,20.411699,2550.0,2590.321128,-2.678872,2593.0
blocks,001,Alamance,872a8b108ffffff,0.309865,0.309865,0.0,,,,0.474005,0.474005,0.0,2.233703,2.233703,0.0,,,,3.201365,3.201365,0.0,,,,2.234937,2.234937,0.0,2.233703,2.233703,0.0
blocks,001,Alamance,872a8b109ffffff,4.923888,-0.076112,5.0,,,,7.762194,0.762194,7.0,59.922041,5.922041,54.0,,,,74.26997,6.26997,68.0,,,,57.866192,2.866192,55.0,62.46143,4.46143,58.0
blocks,001,Alamance,872a8b10cffffff,3.463729,1.463729,2.0,,,,3.229762,2.229762,1.0,75.642906,-26.357094,102.0,,,,96.178715,-22.821285,119.0,,,,65.738223,-14.261777,80.0,76.270595,-26.729405,103.0
blocks,001,Alamance,872a8b10dffffff,11.198354,1.198354,10.0,,,,13.409049,-4.590951,18.0,114.429781,10.429781,104.0,,,,148.616405,5.616405,143.0,,,,114.339926,5.339926,109.0,114.429781,10.429781,104.0
blocks,001,Alamance,872a8b129ffffff,0.0,0.0,0.0,,,,5.255316,0.255316,5.0,53.640824,-15.359176,69.0,,,,63.984695,-15.015305,79.0,,,,55.521244,-11.478756,67.0,55.645458,-15.354542,71.0
blocks,001,Alamance,872a8b12affffff,0.0,0.0,0.0,,,,0.090632,0.090632,0.0,8.700652,8.700652,0.0,,,,9.60697,9.60697,0.0,,,,6.616121,6.616121,0.0,8.791284,8.791284,0.0
blocks,001,Alamance,872a8b12bffffff,0.0,0.0,0.0,,,,6.610353,-2.389647,9.0,118.614963,-11.385037,130.0,,,,132.134288,-12.865712,145.0,,,,103.226209,-13.773791,117.0,118.896642,-11.103358,130.0
blocks,001,Alamance,872a8b140ffffff,26.84098,-9.15902,36.0,,,,10.245535,-2.754465,13.0,308.218917,-88.781083,397.0,,,,359.696581,-103.303419,463.0,,,,291.433199,-84.566801,376.0,310.765129,-90.234871,401.0
blocks,001,Alamance,872a8b141ffffff,30.980555,15.980555,15.0,,,,58.153611,10.153611,48.0,601.254019,24.254019,577.0,,,,736.766461,50.766461,686.0,,,,560.319037,27.319037,533.0,617.557269,22.557269,595.0
blocks,001,Alamance,872a8b142ffffff,23.0518,4.0518,19.0,,,,9.160491,7.160491,2.0,172.53742,82.53742,90.0,,,,214.035163,99.035163,115.0,,,,170.718601,77.718601,93.0,173.962202,83.962202,90.0
blocks,001,Alamance,872a8b143ffffff,39.602951,20.602951,19.0,,,,29.139224,15.139224,14.0,466.662712,32.662712,434.0,,,,554.132341,74.132341,480.0,,,,427.820767,58.820767,369.0,472.845088,33.845088,439.0
blocks,001,Alamance,872a8b144ffffff,13.13428,-0.86572,14.0,,,,5.547548,-2.452452,8.0,240.81587,5.81587,235.0,,,,261.184197,3.184197,258.0,,,,213.532816,2.532816,211.0,243.973923,3.973923,240.0
blocks,001,Alamance,872a8b145ffffff,6.083774,2.083774,4.0,,,,20.174179,3.174179,17.0,324.513815,34.513815,290.0,,,,356.512104,43.512104,313.0,,,,293.441044,38.441044,255.0,328.390091,38.390091,290.0
blocks,001,Alamance,872a8b146ffffff,20.613205,3.613205,17.0,,,,4.344135,-1.655865,6.0,266.912702,3.912702,263.0,,,,304.222498,5.222498,299.0,,,,249.54685,6.54685,243.0,267.439865,4.439865,263.0
blocks,001,Alamance,872a8b148ffffff,2864.347715,162.347715,2702.0,,,,1418.436161,15.436161,1403.0,726.39991,35.39991,691.0,,,,5232.653573,222.653573,5010.0,,,,3909.346074,170.346074,3739.0,841.722841,33.722841,808.0
blocks,001,Alamance,872a8b149ffffff,1490.184165,108.184165,1382.0,,,,1817.056832,57.056832,1760.0,1530.951939,42.951939,1488.0,,,,5111.784992,220.784992,4891.0,,,,3954.190943,151.190943,3803.0,1700.901187,52.901187,1648.0
blocks,001,Alamance,872a8b14affffff,1192.613526,16.613526,1176.0,,,,929.821905,-2.178095,932.0,2025.218478,57.218478,1968.0,,,,4360.990887,80.990887,4280.0,,,,3398.583262,61.583262,3337.0,2171.491141,57.491141,2114.0
blocks,001,Alamance,872a8b14bffffff,1244.236458,-48.763542,1293.0,,,,783.205097,5.205097,778.0,2340.188201,73.188201,2267.0,,,,4656.312094,26.312094,4630.0,,,,3646.283415,48.283415,3598.0,2430.816709,70.816709,2360.0
blocks,001,Alamance,872a8b14cffffff,550.573836,-173.426164,724.0,,,,288.878965,-56.121035,345.0,456.889299,-94.110701,551.0,,,,1389.173026,-335.826974,1725.0,,,,1008.333942,-244.666058,1253.0,484.794739,-97.205261,582.0
blocks,001,Alamance,872a8b14dffffff,1534.371939,-110.628061,1645.0,,,,985.541555,18.541555,967.0,763.936343,51.936343,712.0,,,,3414.798367,-41.201633,3456.0,,,,2440.443632,-20.556368,2461.0,819.819543,52.819543,767.0
blocks,001,Alamance,872a8b14effffff,768.223343,32.223343,736.0,,,,533.009845,13.009845,520.0,873.873322,-49.126678,923.0,,,,2276.000616,-6.999384,2283.0,,,,1592.703453,-1.296547,1594.0,923.585983,-49.414017,973.0
blocks,001,Alamance,872a8b150ffffff,72.449952,0.449952,72.0,,,,32.272305,-5.727695,38.0,454.801466,-92.198534,547.0,,,,575.964525,-103.035475,679.0,,,,442.297898,-81.702102,524.0,464.577645,-95.422355,560.0
blocks,001,Alamance,872a8b151ffffff,73.114126,-7.885874,81.0,,,,37.132293,-10.867707,48.0,371.70498,-79.29502,451.0,,,,522.195161,-104.804839,627.0,,,,397.957029,-86.042971,484.0,379.509269,-82.490731,462.0
blocks,001,Alamance,872a8b153ffffff,6.303581,5.303581,1.0,,,,1.203928,0.203928,1.0,83.979847,38.979847,45.0,,,,96.70898,45.70898,51.0,,,,75.321066,37.321066,38.0,84.166129,39.166129,45.0
blocks,001,Alamance,872a8b154ffffff,4.905619,1.905619,3.0,,,,8.99393,2.99393,6.0,299.203641,4.203641,295.0,,,,324.21248,11.21248,313.0,,,,263.77986,6.77986,257.0,302.241127,6.241127,296.0
blocks,001,Alamance,872a8b155ffffff,25.718913,2.718913,23.0,,,,21.622457,8.622457,13.0,199.001717,69.001717,130.0,,,,272.426399,80.426399,192.0,,,,212.188282,74.188282,138.0,201.578617,71.578617,130.0
blocks,001,Alamance,872a8b156ffffff,2.274517,2.274517,0.0,,,,4.254084,4.254084,0.0,84.026152,84.026152,0.0,,,,94.154755,94.154755,0.0,,,,73.408342,73.408342,0.0,86.349394,86.349394,0.0
blocks,001,Alamance,872a8b158ffffff,83.531228,-0.468772,84.0,,,,32.779921,0.779921,32.0,723.151083,21.151083,702.0,,,,905.13819,22.13819,883.0,,,,660.463527,17.463527,643.0,728.640475,21.640475,707.0
blocks,001,Alamance,872a8b159ffffff,261.87281,-24.12719,286.0,,,,223.738769,-30.261231,254.0,2653.935485,-161.064515,2815.0,,,,3340.670498,-230.329502,3571.0,,,,3082.464379,-220.535621,3303.0,2717.62402,-169.37598,2887.0
blocks,001,Alamance,872a8b15affffff,438.050372,12.050372,426.0,,,,151.078674,35.078674,116.0,1254.747674,89.747674,1165.0,,,,1959.858895,142.858895,1817.0,,,,1378.289134,106.289134,1272.0,1276.620163,89.620163,1187.0
blocks,001,Alamance,872a8b15bffffff,497.535216,-22.464784,520.0,,,,342.258881,-28.741119,371.0,4691.980975,-48.019025,4740.0,,,,5891.133328,-109.866672,6001.0,,,,5454.317542,-59.682458,5514.0,4812.221508,-46.778492,4859.0
blocks,001,Alamance,872a8b15cffffff,23.654636,-9.345364,33.0,,,,15.96027,-5.03973,21.0,492.05703,-220.94297,713.0,,,,543.955045,-238.044955,782.0,,,,442.231137,-201.768863,644.0,494.891363,-221.108637,716.0
blocks,001,Alamance,872a8b15dffffff,275.57544,-0.42456,276.0,,,,303.379104,-14.620896,318.0,1534.777741,-17.222259,1552.0,,,,2236.029377,-40.970623,2277.0,,,,1685.850179,-30.149821,1716.0,1580.773544,-18.226456,1599.0
blocks,001,Alamance,872a8b15effffff,8.339857,-2.660143,11.0,,,,13.833925,1.833925,12.0,275.780156,75.780156,200.0,,,,318.10681,80.10681,238.0,,,,249.007542,67.007542,182.0,278.937471,75.937471,203.0
blocks,001,Alamance,872a8b160ffffff,0.820145,-0.179855,1.0,,,,2.323924,-1.676076,4.0,109.344494,-45.655506,155.0,,,,118.507234,-50.492766,169.0,,,,103.750515,-45.249485,149.0,109.362817,-45.637183,155.0
blocks,001,Alamance,872a8b161ffffff,18.609035,4.609035,14.0,,,,6.303945,1.303945,5.0,142.235078,97.235078,45.0,,,,172.232667,107.232667,65.0,,,,134.365775,87.365775,47.0,142.521779,97.521779,45.0
blocks,001,Alamance,872a8b162ffffff,11.542073,6.542073,5.0,,,,0.748236,0.748236,0.0,86.844449,41.844449,45.0,,,,101.213092,49.213092,52.0,,,,87.759924,37.759924,50.0,87.39276,42.39276,45.0
blocks,001,Alamance,872a8b163ffffff,15.873492,-10.126508,26.0,,,,3.024357,1.024357,2.0,122.015884,8.015884,114.0,,,,144.789108,-0.210892,145.0,,,,124.157099,0.157099,124.0,122.015884,8.015884,114.0
blocks,001,Alamance,872a8b164ffffff,3.200529,-0.799471,4.0,,,,0.481611,0.481611,0.0,91.204872,-24.795128,116.0,,,,96.44061,-24.55939,121.0,,,,82.744231,-21.255769,104.0,91.204872,-24.795128,116.0
blocks,001,Alamance,872a8b165ffffff,5.049281,0.049281,5.0,,,,3.679872,1.679872,2.0,74.583163,1.583163,73.0,,,,90.783395,4.783395,86.0,,,,72.054355,2.054355,70.0,75.137691,1.137691,74.0
blocks,001,Alamance,872a8b166ffffff,2.493853,-0.506147,3.0,,,,3.726233,-2.273767,6.0,66.074249,-11.925751,78.0,,,,71.751786,-14.248214,86.0,,,,57.773027,-9.226973,67.0,67.747354,-13.252646,81.0
blocks,001,Alamance,872a8b168ffffff,20.943423,-0.056577,21.0,,,,7.210372,5.210372,2.0,112.612011,52.612011,60.0,,,,147.582464,60.582464,87.0,,,,122.545683,49.545683,73.0,114.038928,52.038928,62.0
blocks,001,Alamance,872a8b169ffffff,43.198531,32.198531,11.0,,,,83.031988,60.031988,23.0,138.871636,40.871636,98.0,,,,272.871829,134.871829,138.0,,,,210.282229,103.282229,107.0,147.075728,47.075728,100.0
blocks,001,Alamance,872a8b16affffff,1.766296,0.766296,1.0,,,,29.870702,-2.129298,32.0,252.504269,-67.495731,320.0,,,,286.639627,-68.360373,355.0,,,,230.125431,-54.874569,285.0,253.482805,-66.517195,320.0
blocks,001,Alamance,872a8b16bffffff,22.959851,-10.040149,33.0,,,,21.057808,-2.942192,24.0,273.029473,25.029473,248.0,,,,329.086307,11.086307,318.0,,,,272.128175,2.128175,270.0,276.224456,25.224456,251.0
blocks,001,Alamance,872a8b16cffffff,15.818565,-0.181435,16.0,,,,4.825803,-2.174197,7.0,81.099688,-4.900312,86.0,,,,102.970289,-7.029711,110.0,,,,82.383987,-3.616013,86.0,81.406682,-4.593318,86.0
blocks,001,Alamance,872a8b16dffffff,73.86843,-12.13157,86.0,,,,7.332328,0.332328,7.0,139.529601,1.529601,138.0,,,,234.103947,-12.896053,247.0,,,,196.718095,-12.281905,209.0,139.918261,1.918261,138.0
blocks,001,Alamance,872a8b16effffff,5.01502,1.01502,4.0,,,,0.5183,0.5183,0.0,137.082493,-70.917507,208.0,,,,146.63447,-73.36553,220.0,,,,122.585213,-60.414787,183.0,137.269049,-70.730951,208.0
blocks,001,Alamance,872a8b170ffffff,15.552236,-0.447764,16.0,,,,11.011239,-5.988761,17.0,145.803707,-77.196293,223.0,,,,175.211353,-85.788647,261.0,,,,141.031718,-58.968282,200.0,148.822739,-79.177261,228.0
blocks,001,Alamance,872a8b171ffffff,24.062059,-4.937941,29.0,,,,4.816488,-0.183512,5.0,161.597483,-17.402517,179.0,,,,197.27018,-24.72982,222.0,,,,166.143112,-17.856888,184.0,162.428519,-16.571481,179.0
blocks,001,Alamance,872a8b172ffffff,22.386223,2.386223,20.0,,,,11.587525,3.587525,8.0,257.850076,124.850076,133.0,,,,297.081996,131.081996,166.0,,,,236.970952,108.970952,128.0,258.77704,125.77704,133.0
blocks,001,Alamance,872a8b173ffffff,52.914892,-5.085108,58.0,,,,3.955922,-2.044078,6.0,185.740821,-61.259179,247.0,,,,254.682509,-69.317491,324.0,,,,223.308456,-61.691544,285.0,185.740821,-61.259179,247.0
blocks,001,Alamance,872a8b174ffffff,4.821592,0.821592,4.0,,,,2.937088,0.937088,2.0,97.484904,26.484904,71.0,,,,106.164535,29.164535,77.0,,,,81.564451,22.564451,59.0,98.942645,26.942645,72.0
blocks,001,Alamance,872a8b175ffffff,10.346731,4.346731,6.0,,,,4.108898,4.108898,0.0,79.236906,72.236906,7.0,,,,96.400542,83.400542,13.0,,,,69.573323,63.573323,6.0,80.941588,73.941588,7.0
blocks,001,Alamance,872a8b176ffffff,5.44386,3.44386,2.0,,,,5.051282,4.051282,1.0,202.666104,13.666104,189.0,,,,214.430661,22.430661,192.0,,,,171.859904,12.859904,159.0,204.224662,15.224662,189.0
blocks,001,Alamance,872a8b224ffffff,2.25974,-1.74026,4.0,,,,5.183573,-1.816427,7.0,43.651141,-15.348859,59.0,,,,54.486581,-18.513419,73.0,,,,38.421137,-13.578863,52.0,43.651141,-15.348859,59.0
blocks,001,Alamance,872a8b226ffffff,1.155628,1.155628,0.0,,,,0.869995,-0.130005,1.0,16.674914,14.674914,2.0,,,,18.919875,15.919875,3.0,,,,15.552595,13.552595,2.0,16.674914,14.674914,2.0
blocks,001,Alamance,872a8b230ffffff,0.0,0.0,0.0,,,,2.706423,2.706423,0.0,30.557736,30.557736,0.0,,,,33.264159,33.264159,0.0,,,,26.172787,26.172787,0.0,31.140136,31.140136,0.0
blocks,001,Alamance,872a8b232ffffff,0.0,0.0,0.0,,,,0.637194,0.637194,0.0,3.823164,3.823164,0.0,,,,4.460358,4.460358,0.0,,,,3.345268,3.345268,0.0,3.982462,3.982462,0.0
blocks,001,Alamance,872a8b234ffffff,0.0,0.0,0.0,,,,5.901353,-5.098647,11.0,99.428979,-79.571021,179.0,,,,105.933233,-85.066767,191.0,,,,82.956986,-65.043014,148.0,100.109976,-79.890024,180.0
blocks,001,Alamance,872a8b235ffffff,0.109189,0.109189,0.0,,,,3.29914,0.29914,3.0,40.291013,-1.708987,42.0,,,,47.433648,-1.566352,49.0,,,,40.548983,-2.451017,43.0,41.877519,-2.122481,44.0
blocks,001,Alamance,872a8b236ffffff,0.0,0.0,0.0,,,,4.285485,0.285485,4.0,71.101232,47.101232,24.0,,,,75.843795,47.843795,28.0,,,,59.490722,38.490722,21.0,72.22783,47.22783,25.0
blocks,001,Alamance,872a8b300ffffff,3.527544,-5.472456,9.0,,,,6.661295,-10.338705,17.0,126.107449,-195.892551,322.0,,,,138.253186,-214.746814,353.0,,,,105.762963,-164.237037,270.0,130.021243,-201.978757,332.0
blocks,001,Alamance,872a8b301ffffff,6.227081,3.227081,3.0,,,,15.98544,3.98544,12.0,83.945297,51.945297,32.0,,,,112.850994,60.850994,52.0,,,,85.73844,50.73844,35.0,86.813506,52.813506,34.0
blocks,001,Alamance,872a8b302ffffff,4.324027,-2.675973,7.0,,,,7.541605,-4.458395,12.0,115.805916,-68.194084,184.0,,,,129.127965,-75.872035,205.0,,,,105.784058,-62.215942,168.0,118.292112,-69.707888,188.0
blocks,001,Alamance,872a8b303ffffff,6.244194,0.244194,6.0,,,,11.979873,1.979873,10.0,148.24976,28.24976,120.0,,,,169.775121,30.775121,139.0,,,,139.455739,22.455739,117.0,151.431218,29.431218,122.0
blocks,001,Alamance,872a8b304ffffff,3.555909,3.555909,0.0,,,,7.888008,6.888008,1.0,134.82621,120.82621,14.0,,,,149.299825,133.299825,16.0,,,,116.133212,104.133212,12.0,139.649151,124.649151,15.0
blocks,001,Alamance,872a8b305ffffff,4.646699,0.646699,4.0,,,,16.998361,-5.001639,22.0,135.655706,34.655706,101.0,,,,165.484725,28.484725,137.0,,,,129.111367,18.111367,111.0,142.327683,33.327683,109.0
blocks,001,Alamance,872a8b306ffffff,5.086596,-0.913404,6.0,,,,15.639258,-12.360742,28.0,173.397139,-153.602861,327.0,,,,207.563082,-175.436918,383.0,,,,167.625678,-145.374322,313.0,183.088285,-161.911715,345.0
blocks,001,Alamance,872a8b308ffffff,6.429877,0.429877,6.0,,,,7.473538,3.473538,4.0,126.556851,5.556851,121.0,,,,150.616453,16.616453,134.0,,,,114.880733,4.880733,110.0,129.178687,6.178687,123.0
blocks,001,Alamance,872a8b309ffffff,5.146195,-2.853805,8.0,,,,7.609879,-4.390121,12.0,86.953314,-34.046686,121.0,,,,100.267797,-40.732203,141.0,,,,84.414634,-36.585366,121.0,87.336497,-34.663503,122.0
blocks,001,Alamance,872a8b30affffff,2.339644,0.339644,2.0,,,,5.979989,0.979989,5.0,75.436768,52.436768,23.0,,,,88.646352,54.646352,34.0,,,,76.192258,49.192258,27.0,78.436768,52.436768,26.0
blocks,001,Alamance,872a8b30bffffff,1.874008,1.874008,0.0,,,,6.252195,1.252195,5.0,85.717924,-22.282076,108.0,,,,97.569958,-20.430042,118.0,,,,79.85258,-20.14742,100.0,85.717924,-22.282076,108.0
blocks,001,Alamance,872a8b30cffffff,1.895589,-3.104411,5.0,,,,10.623848,-11.376152,22.0,104.074167,-91.925833,196.0,,,,127.329643,-107.670357,235.0,,,,98.043437,-82.956563,181.0,105.461328,-94.538672,200.0
blocks,001,Alamance,872a8b30dffffff,20.800733,9.800733,11.0,,,,22.121438,11.121438,11.0,240.730085,89.730085,151.0,,,,295.98845,109.98845,186.0,,,,230.162817,87.162817,143.0,244.703983,91.703983,153.0
blocks,001,Alamance,872a8b30effffff,2.748943,0.748943,2.0,,,,5.716796,-0.283204,6.0,243.541598,-29.458402,273.0,,,,269.966573,-35.033427,305.0,,,,198.480121,-21.519879,220.0,243.612557,-29.387443,273.0
blocks,001,Alamance,872a8b310ffffff,43.276293,-18.723707,62.0,,,,14.747111,5.747111,9.0,305.00487,150.00487,155.0,,,,379.364309,149.364309,230.0,,,,298.328177,109.328177,189.0,309.262279,154.262279,155.0
blocks,001,Alamance,872a8b311ffffff,7.951865,7.951865,0.0,,,,5.370977,1.370977,4.0,138.168789,98.168789,40.0,,,,163.013585,111.013585,52.0,,,,130.073895,89.073895,41.0,139.510513,99.510513,40.0
blocks,001,Alamance,872a8b312ffffff,18.591457,13.591457,5.0,,,,11.643095,7.643095,4.0,225.021385,79.021385,146.0,,,,268.464968,103.464968,165.0,,,,206.217815,85.217815,121.0,226.318091,80.318091,146.0
blocks,001,Alamance,872a8b313ffffff,12.227518,-9.772482,22.0,,,,3.893907,-2.106093,6.0,176.594477,-158.405523,335.0,,,,210.732697,-189.267303,400.0,,,,168.296889,-161.703111,330.0,176.982798,-158.017202,335.0
blocks,001,Alamance,872a8b314ffffff,30.445003,-0.554997,31.0,,,,22.89832,-0.10168,23.0,321.091225,32.091225,289.0,,,,379.981854,31.981854,348.0,,,,305.709642,22.709642,283.0,323.043342,33.043342,290.0
blocks,001,Alamance,872a8b315ffffff,12.10545,-12.89455,25.0,,,,14.154419,-10.845581,25.0,293.861079,-229.138921,523.0,,,,332.572165,-260.427835,593.0,,,,249.907004,-189.092996,439.0,300.226047,-235.773953,536.0
blocks,001,Alamance,872a8b316ffffff,24.495852,24.495852,0.0,,,,9.377979,2.377979,7.0,171.799872,50.799872,121.0,,,,210.434788,78.434788,132.0,,,,166.121056,68.121056,98.0,173.799872,50.799872,123.0
blocks,001,Alamance,872a8b318ffffff,2.662967,-2.337033,5.0,,,,1.337538,-2.662462,4.0,136.800477,-203.199523,340.0,,,,144.658063,-212.341937,357.0,,,,111.11484,-166.88516,278.0,136.803607,-203.196393,340.0
blocks,001,Alamance,872a8b319ffffff,3.392416,0.392416,3.0,,,,1.101882,0.101882,1.0,112.160764,31.160764,81.0,,,,119.656132,31.656132,88.0,,,,92.281811,19.281811,73.0,112.160764,31.160764,81.0
blocks,001,Alamance,872a8b31affffff,9.375717,1.375717,8.0,,,,7.564741,-0.435259,8.0,79.245685,55.245685,24.0,,,,102.56892,57.56892,45.0,,,,77.825974,42.825974,35.0,79.782635,55.782635,24.0
blocks,001,Alamance,872a8b31bffffff,2.54619,0.54619,2.0,,,,1.989719,0.989719,1.0,73.629863,45.629863,28.0,,,,79.085431,48.085431,31.0,,,,59.859646,36.859646,23.0,73.951142,45.951142,28.0
blocks,001,Alamance,872a8b31cffffff,1.973604,0.973604,1.0,,,,5.448779,3.448779,2.0,77.020939,70.020939,7.0,,,,88.73712,76.73712,12.0,,,,75.573821,64.573821,11.0,77.577284,70.577284,7.0
blocks,001,Alamance,872a8b31dffffff,2.581628,0.581628,2.0,,,,3.571292,0.571292,3.0,145.683195,88.683195,57.0,,,,164.423392,93.423392,71.0,,,,124.854175,72.854175,52.0,145.719665,88.719665,57.0
blocks,001,Alamance,872a8b31effffff,5.899202,-5.100798,11.0,,,,1.820473,-0.179527,2.0,82.772473,-15.227527,98.0,,,,92.47086,-21.52914,114.0,,,,72.155201,-10.844799,83.0,83.261376,-15.738624,99.0
blocks,001,Alamance,872a8b320ffffff,16.418727,0.418727,16.0,,,,17.175384,3.175384,14.0,161.158648,46.158648,115.0,,,,215.277535,52.277535,163.0,,,,171.511467,42.511467,129.0,167.083796,47.083796,120.0
blocks,001,Alamance,872a8b321ffffff,43.449035,1.449035,42.0,,,,9.857102,5.857102,4.0,166.287888,69.287888,97.0,,,,231.08418,79.08418,152.0,,,,180.543069,60.543069,120.0,168.454114,71.454114,97.0
blocks,001,Alamance,872a8b322ffffff,2.477402,0.477402,2.0,,,,7.949881,-1.050119,9.0,85.354609,-3.645391,89.0,,,,103.657607,-5.342393,109.0,,,,80.17657,-3.82343,84.0,88.418491,-4.581509,93.0
blocks,001,Alamance,872a8b323ffffff,2.166562,-2.833438,5.0,,,,8.582622,-12.417378,21.0,127.104989,-182.895011,310.0,,,,139.545424,-200.454576,340.0,,,,110.572442,-158.427558,269.0,130.354748,-187.645252,318.0
blocks,001,Alamance,872a8b324ffffff,13.617714,8.617714,5.0,,,,14.493717,0.493717,14.0,282.535122,110.535122,172.0,,,,329.115958,127.115958,202.0,,,,258.86457,92.86457,166.0,284.517757,110.517757,174.0
blocks,001,Alamance,872a8b325ffffff,17.510137,7.510137,10.0,,,,26.440522,15.440522,11.0,200.234777,-18.765223,219.0,,,,265.893073,-1.106927,267.0,,,,201.76548,1.76548,200.0,202.462264,-16.537736,219.0
blocks,001,Alamance,872a8b326ffffff,11.485074,2.485074,9.0,,,,8.875397,4.875397,4.0,260.043006,45.043006,215.0,,,,286.204234,56.204234,230.0,,,,226.164783,45.164783,181.0,264.106811,46.106811,218.0
blocks,001,Alamance,872a8b328ffffff,29.292575,23.292575,6.0,,,,50.049705,28.049705,22.0,161.702633,101.702633,60.0,,,,255.904403,161.904403,94.0,,,,192.993297,118.993297,74.0,167.480814,107.480814,60.0
blocks,001,Alamance,872a8b329ffffff,14.157892,-18.842108,33.0,,,,37.79216,-50.20784,88.0,140.103511,-160.896489,301.0,,,,202.194878,-241.805122,444.0,,,,147.558128,-173.441872,321.0,142.67005,-164.32995,307.0
blocks,001,Alamance,872a8b32affffff,23.431793,-23.568207,47.0,,,,65.160316,-51.839684,117.0,179.318577,-88.681423,268.0,,,,288.968233,-178.031767,467.0,,,,223.13222,-125.86778,349.0,185.860407,-94.139593,280.0
blocks,001,Alamance,872a8b32bffffff,30.675415,7.675415,23.0,,,,21.137037,18.137037,3.0,102.918179,51.918179,51.0,,,,168.293172,82.293172,86.0,,,,128.077659,59.077659,69.0,106.15062,55.15062,51.0
blocks,001,Alamance,872a8b32cffffff,18.888424,2.888424,16.0,,,,17.51603,7.51603,10.0,105.259121,40.259121,65.0,,,,147.196655,54.196655,93.0,,,,115.359049,40.359049,75.0,110.171839,39.171839,71.0
blocks,001,Alamance,872a8b32dffffff,16.555241,5.555241,11.0,,,,44.096402,21.096402,23.0,171.249321,35.249321,136.0,,,,246.097258,65.097258,181.0,,,,183.120037,47.120037,136.0,175.667146,35.667146,140.0
blocks,001,Alamance,872a8b32effffff,30.479539,-10.520461,41.0,,,,48.324658,11.324658,37.0,246.323134,18.323134,228.0,,,,342.961286,20.961286,322.0,,,,267.744905,16.744905,251.0,249.15051,21.15051,228.0
blocks,001,Alamance,872a8b330ffffff,3.248231,3.248231,0.0,,,,15.836659,1.836659,14.0,158.99038,139.99038,19.0,,,,189.870972,147.870972,42.0,,,,139.090384,115.090384,24.0,163.07901,141.07901,22.0
blocks,001,Alamance,872a8b331ffffff,5.115004,-0.884996,6.0,,,,16.529677,4.529677,12.0,128.130223,84.130223,44.0,,,,154.55871,91.55871,63.0,,,,124.88498,73.88498,51.0,140.648409,90.648409,50.0
blocks,001,Alamance,872a8b332ffffff,5.624745,-1.375255,7.0,,,,8.769997,2.769997,6.0,101.466532,-29.533468,131.0,,,,122.492188,-27.507812,150.0,,,,99.812345,-23.187655,123.0,103.819535,-28.180465,132.0
blocks,001,Alamance,872a8b333ffffff,3.982611,0.982611,3.0,,,,24.91934,1.91934,23.0,377.59805,58.59805,319.0,,,,421.061945,66.061945,355.0,,,,343.670687,50.670687,293.0,382.238351,59.238351,323.0
blocks,001,Alamance,872a8b334ffffff,9.972562,0.972562,9.0,,,,17.612392,3.612392,14.0,338.805717,-69.194283,408.0,,,,378.888922,-63.111078,442.0,,,,294.096527,-42.903473,337.0,347.243561,-69.756439,417.0
blocks,001,Alamance,872a8b335ffffff,0.860183,0.860183,0.0,,,,19.720252,3.720252,16.0,133.678447,-4.321553,138.0,,,,174.527032,-0.472968,175.0,,,,137.096772,1.096772,136.0,141.814196,-2.185804,144.0
blocks,001,Alamance,872a8b336ffffff,3.905446,3.905446,0.0,,,,5.553132,3.553132,2.0,234.471161,223.471161,11.0,,,,250.379688,234.379688,16.0,,,,202.994684,191.994684,11.0,237.358424,225.358424,12.0
blocks,001,Alamance,872a8b354ffffff,0.000242,0.000242,0.0,,,,0.325731,0.325731,0.0,2.93327,2.93327,0.0,,,,3.259292,3.259292,0.0,,,,3.258759,3.258759,0.0,3.259001,3.259001,0.0
blocks,001,Alamance,872a8b356ffffff,0.0,0.0,0.0,,,,0.008315,0.008315,0.0,0.351003,0.351003,0.0,,,,0.384263,0.384263,0.0,,,,0.30766,0.30766,0.0,0.351003,0.351003,0.0
blocks,001,Alamance,872a8b360ffffff,0.091927,0.091927,0.0,,,,2.407027,-1.592973,4.0,29.196791,-6.803209,36.0,,,,36.006753,-9.993247,46.0,,,,30.350379,-7.649621,38.0,29.798548,-7.201452,37.0
blocks,001,Alamance,872a8b362ffffff,0.812125,0.812125,0.0,,,,0.0,0.0,0.0,11.640456,11.640456,0.0,,,,12.452581,12.452581,0.0,,,,10.286914,10.286914,0.0,11.640456,11.640456,0.0
blocks,001,Alamance,872a8b364ffffff,1.354444,-2.645556,4.0,,,,0.569866,0.569866,0.0,25.88752,-43.11248,69.0,,,,31.029741,-49.970259,81.0,,,,24.41095,-39.58905,64.0,26.022381,-42.977619,69.0
blocks,001,Alamance,872a8b365ffffff,0.061801,0.061801,0.0,,,,0.792785,0.792785,0.0,3.444417,3.444417,0.0,,,,5.21539,5.21539,0.0,,,,3.763559,3.763559,0.0,3.642614,3.642614,0.0
blocks,001,Alamance,872a8b366ffffff,4.317637,0.317637,4.0,,,,7.246525,-0.753475,8.0,86.986553,15.986553,71.0,,,,107.355088,14.355088,93.0,,,,91.695205,11.695205,80.0,87.281932,16.281932,71.0
blocks,001,Alamance,872a8b370ffffff,0.707951,0.707951,0.0,,,,2.548611,0.548611,2.0,36.48149,9.48149,27.0,,,,44.920621,10.920621,34.0,,,,35.880016,8.880016,27.0,36.904241,9.904241,27.0
blocks,001,Alamance,872a8b371ffffff,0.52638,0.52638,0.0,,,,0.0,0.0,0.0,7.544777,7.544777,0.0,,,,8.071157,8.071157,0.0,,,,6.667478,6.667478,0.0,7.544777,7.544777,0.0
blocks,001,Alamance,872a8b372ffffff,4.167345,-1.832655,6.0,,,,0.987226,-0.012774,1.0,37.716703,-7.283297,45.0,,,,45.784181,-10.215819,56.0,,,,34.817652,-6.182348,41.0,38.307674,-7.692326,46.0
blocks,001,Alamance,872a8b373ffffff,0.0,0.0,0.0,,,,0.726541,-0.273459,1.0,11.758218,-4.241782,16.0,,,,13.344865,-4.655135,18.0,,,,11.076199,-3.923801,15.0,11.758218,-4.241782,16.0
blocks,001,Alamance,872a8b374ffffff,0.941048,0.941048,0.0,,,,5.632675,0.632675,5.0,54.245569,-47.754431,102.0,,,,65.427121,-49.572879,115.0,,,,55.40385,-43.59615,99.0,54.404454,-47.595546,102.0
blocks,001,Alamance,872a8b375ffffff,2.6437,-0.3563,3.0,,,,4.731614,1.731614,3.0,55.221478,-11.778522,67.0,,,,64.032519,-8.967481,73.0,,,,54.009069,-6.990931,61.0,55.837529,-12.162471,68.0
blocks,001,Alamance,872a8b376ffffff,7.073182,-3.926818,11.0,,,,1.700119,-0.299881,2.0,67.852899,19.852899,48.0,,,,92.497652,16.497652,76.0,,,,77.006509,14.006509,63.0,68.130262,20.130262,48.0
blocks,001,Alamance,872a8b3a1ffffff,0.918996,-2.081004,3.0,,,,4.288647,-9.711353,14.0,74.438654,-168.561346,243.0,,,,81.790619,-185.209381,267.0,,,,63.410705,-143.589295,207.0,75.663981,-171.336019,247.0
blocks,001,Alamance,872a8b3a4ffffff,1.457185,-0.542815,2.0,,,,4.373507,-1.626493,6.0,42.0981,-5.9019,48.0,,,,49.829091,-8.170909,58.0,,,,43.130406,-8.869594,52.0,42.099662,-5.900338,48.0
blocks,001,Alamance,872a8b3a5ffffff,0.727307,0.727307,0.0,,,,5.013714,3.013714,2.0,143.077911,27.077911,116.0,,,,151.246798,32.246798,119.0,,,,114.648809,25.648809,89.0,144.047654,28.047654,116.0
blocks,001,Alamance,872a8b3a8ffffff,36.641334,6.641334,30.0,,,,28.168431,0.168431,28.0,213.701608,99.701608,114.0,,,,293.363345,110.363345,183.0,,,,237.971754,82.971754,155.0,216.549687,99.549687,117.0
blocks,001,Alamance,872a8b3a9ffffff,14.398787,-7.601213,22.0,,,,5.162692,1.162692,4.0,111.793818,-46.206182,158.0,,,,137.513085,-54.486915,192.0,,,,107.881496,-41.118504,149.0,113.193458,-46.806542,160.0
blocks,001,Alamance,872a8b3abffffff,0.0,0.0,0.0,,,,1.107911,-0.892089,2.0,41.010583,-18.989417,60.0,,,,44.132948,-21.867052,66.0,,,,37.233969,-17.766031,55.0,41.564538,-19.435462,61.0
blocks,001,Alamance,872a8b3acffffff,11.459973,2.459973,9.0,,,,13.217134,5.217134,8.0,271.498597,18.498597,253.0,,,,305.274055,29.274055,276.0,,,,221.687595,25.687595,196.0,274.063699,19.063699,255.0
blocks,001,Alamance,872a8b3adffffff,5.582073,-0.417927,6.0,,,,11.108962,-1.891038,13.0,141.131867,-9.868133,151.0,,,,164.497013,-10.502987,175.0,,,,126.579427,-11.420573,138.0,142.177823,-9.822177,152.0
blocks,001,Alamance,872a8b3aeffffff,0.490625,0.490625,0.0,,,,1.009086,1.009086,0.0,11.912847,11.912847,0.0,,,,14.135819,14.135819,0.0,,,,10.635722,10.635722,0.0,12.132394,12.132394,0.0
blocks,001,Alamance,872a8b85bffffff,13.47681,1.47681,12.0,,,,5.978181,-0.021819,6.0,39.689333,-2.310667,42.0,,,,67.189168,-0.810832,68.0,,,,47.664652,-0.335348,48.0,43.422377,-2.577623,46.0
blocks,001,Alamance,872a8b8c8ffffff,3.000011,3.000011,0.0,,,,2.653015,2.653015,0.0,34.787204,4.787204,30.0,,,,42.752866,10.752866,32.0,,,,38.157719,10.157719,28.0,35.268908,5.268908,30.0
blocks,001,Alamance,872a8b8c9ffffff,21.311609,2.311609,19.0,,,,2.314566,0.314566,2.0,100.93615,-11.06385,112.0,,,,125.094455,-7.905545,133.0,,,,96.581249,-5.418751,102.0,101.15987,-10.84013,112.0
blocks,001,Alamance,872a8b8caffffff,2.267652,-0.732348,3.0,,,,4.293865,-1.706135,6.0,98.424159,-26.575841,125.0,,,,110.033531,-29.966469,140.0,,,,84.87807,-24.12193,109.0,99.070228,-26.929772,126.0
blocks,001,Alamance,872a8b8cbffffff,8.310059,2.310059,6.0,,,,7.74453,-1.25547,9.0,66.804708,32.804708,34.0,,,,82.70092,36.70092,46.0,,,,63.196362,32.196362,31.0,66.804708,32.804708,34.0
blocks,001,Alamance,872a8b8ccffffff,0.617858,0.617858,0.0,,,,0.494286,0.494286,0.0,1.371374,1.371374,0.0,,,,2.483518,2.483518,0.0,,,,2.283386,2.283386,0.0,1.371374,1.371374,0.0
blocks,001,Alamance,872a8b8cdffffff,27.650647,-0.349353,28.0,,,,6.514481,-2.485519,9.0,26.170418,-4.829582,31.0,,,,62.799637,-7.200363,70.0,,,,52.50368,-5.49632,58.0,26.769446,-5.230554,32.0
blocks,001,Alamance,872a8b8ceffffff,0.855836,0.855836,0.0,,,,3.522545,0.522545,3.0,14.643165,13.643165,1.0,,,,19.371623,15.371623,4.0,,,,13.464583,9.464583,4.0,14.664765,13.664765,1.0
blocks,001,Alamance,872a8b8d8ffffff,0.7752,0.7752,0.0,,,,1.338284,1.338284,0.0,45.706095,45.706095,0.0,,,,48.188863,48.188863,0.0,,,,38.839191,38.839191,0.0,46.462979,46.462979,0.0
blocks,001,Alamance,872a8b8d9ffffff,2.309934,-1.690066,4.0,,,,2.816705,-2.183295,5.0,89.696723,-68.303277,158.0,,,,94.747523,-72.252477,167.0,,,,75.085412,-56.914588,132.0,90.777901,-69.222099,160.0
blocks,001,Alamance,872a8b8daffffff,0.495567,0.495567,0.0,,,,1.60678,-0.39322,2.0,42.416107,31.416107,11.0,,,,45.14344,31.14344,14.0,,,,37.770736,26.770736,11.0,43.818032,30.818032,13.0
blocks,001,Alamance,872a8b8dbffffff,2.825263,-0.174737,3.0,,,,6.468175,-0.531825,7.0,91.075321,-17.924679,109.0,,,,101.868753,-20.131247,122.0,,,,83.185993,-17.814007,101.0,94.189353,-18.810647,113.0
blocks,001,Alamance,872a8b8ddffffff,0.190455,0.190455,0.0,,,,0.33486,0.33486,0.0,25.146467,25.146467,0.0,,,,28.671782,25.671782,3.0,,,,25.905134,22.905134,3.0,25.241695,25.241695,0.0
blocks,001,Alamance,872a8ba12ffffff,80.808069,-10.191931,91.0,,,,42.08745,-4.91255,47.0,215.801153,-30.198847,246.0,,,,397.74517,-51.25483,449.0,,,,271.552543,-35.447457,307.0,217.098262,-30.901738,248.0
blocks,001,Alamance,872a8ba80ffffff,92.677058,-4.322942,97.0,,,,368.392537,3.392537,365.0,356.965492,-33.034508,390.0,,,,843.757934,-36.242066,880.0,,,,593.025097,-33.974903,627.0,382.249369,-33.750631,416.0
blocks,001,Alamance,872a8ba81ffffff,503.624783,-32.375217,536.0,,,,183.85918,-4.14082,188.0,852.786641,-1.213359,854.0,,,,1690.987689,-51.012311,1742.0,,,,1313.958083,-33.041917,1347.0,888.623397,-2.376603,891.0
blocks,001,Alamance,872a8ba82ffffff,96.800908,-16.199092,113.0,,,,57.261864,-1.738136,59.0,761.597118,-93.402882,855.0,,,,1024.804993,-118.195007,1143.0,,,,832.96191,-92.03809,925.0,767.996303,-94.003697,862.0
blocks,001,Alamance,872a8ba83ffffff,119.177384,45.177384,74.0,,,,131.007029,18.007029,113.0,1146.704662,114.704662,1032.0,,,,1497.268839,203.268839,1294.0,,,,1136.693434,159.693434,977.0,1170.928054,117.928054,1053.0
blocks,001,Alamance,872a8ba84ffffff,8.115285,-3.884715,12.0,,,,31.076141,-14.923859,46.0,175.684,-59.316,235.0,,,,232.105746,-82.894254,315.0,,,,180.958827,-70.041173,251.0,177.157664,-59.842336,237.0
blocks,001,Alamance,872a8ba85ffffff,81.783205,3.783205,78.0,,,,136.654774,-21.345226,158.0,566.943725,-0.056275,567.0,,,,828.328405,-24.671595,853.0,,,,661.471287,-10.528713,672.0,582.472385,-1.527615,584.0
blocks,001,Alamance,872a8ba86ffffff,62.238384,0.238384,62.0,,,,52.149461,1.149461,51.0,462.557315,-12.442685,475.0,,,,602.135961,-13.864039,616.0,,,,485.657932,-19.342068,505.0,473.71829,-9.28171,483.0
blocks,001,Alamance,872a8ba88ffffff,39.77158,-2.22842,42.0,,,,33.725148,12.725148,21.0,398.496799,1.496799,397.0,,,,499.769862,5.769862,494.0,,,,404.609413,-0.390587,405.0,411.795241,6.795241,405.0
blocks,001,Alamance,872a8ba89ffffff,44.471242,-2.528758,47.0,,,,43.881464,0.881464,43.0,207.6583,-90.3417,298.0,,,,313.972675,-96.027325,410.0,,,,245.836413,-80.163587,326.0,212.864815,-91.135185,304.0
blocks,001,Alamance,872a8ba8affffff,50.781348,-15.218652,66.0,,,,45.922091,-20.077909,66.0,250.759336,20.759336,230.0,,,,368.785002,-14.214998,383.0,,,,279.610952,7.610952,272.0,263.755929,14.755929,249.0
blocks,001,Alamance,872a8ba8bffffff,50.673873,-14.326127,65.0,,,,83.966692,-37.033308,121.0,358.91352,-66.08648,425.0,,,,523.857417,-120.142583,644.0,,,,392.715034,-88.284966,481.0,369.432665,-67.567335,437.0
blocks,001,Alamance,872a8ba8cffffff,27.725413,7.725413,20.0,,,,39.554048,-1.445952,41.0,464.091338,25.091338,439.0,,,,563.191498,26.191498,537.0,,,,462.058905,17.058905,445.0,464.994758,24.994758,440.0
blocks,001,Alamance,872a8ba8dffffff,11.781455,7.781455,4.0,,,,35.776429,9.776429,26.0,199.868294,118.868294,81.0,,,,263.128647,146.128647,117.0,,,,215.017889,122.017889,93.0,203.503691,119.503691,84.0
blocks,001,Alamance,872a8ba8effffff,29.247338,0.247338,29.0,,,,16.534077,1.534077,15.0,234.435199,74.435199,160.0,,,,297.144238,80.144238,217.0,,,,238.240019,64.240019,174.0,235.71583,74.71583,161.0
blocks,001,Alamance,872a8ba90ffffff,409.156794,138.156794,271.0,,,,344.842342,87.842342,257.0,1238.872006,243.872006,995.0,,,,2119.618935,505.618935,1614.0,,,,1705.701845,386.701845,1319.0,1276.839448,257.839448,1019.0
blocks,001,Alamance,872a8ba91ffffff,303.572015,-25.427985,329.0,,,,235.022713,-11.977287,247.0,1565.921947,-233.078053,1799.0,,,,2249.786095,-285.213905,2535.0,,,,1829.358422,-234.641578,2064.0,1607.592406,-233.407594,1841.0
blocks,001,Alamance,872a8ba92ffffff,204.032596,-64.967404,269.0,,,,164.851151,-14.148849,179.0,516.198813,-92.801187,609.0,,,,997.062322,-191.937678,1189.0,,,,774.973356,-146.026644,921.0,539.042934,-93.957066,633.0
blocks,001,Alamance,872a8ba93ffffff,165.127864,49.127864,116.0,,,,676.557524,-7.442476,684.0,987.822542,289.822542,698.0,,,,1938.200197,350.200197,1588.0,,,,1437.861865,285.861865,1152.0,1065.365332,286.365332,779.0
blocks,001,Alamance,872a8ba94ffffff,1718.168761,-95.831239,1814.0,,,,1536.9128,-21.0872,1558.0,1838.532111,-55.467889,1894.0,,,,5419.106526,-184.893474,5604.0,,,,4107.364459,-135.635541,4243.0,2046.866307,-55.133693,2102.0
blocks,001,Alamance,872a8ba95ffffff,1330.543889,9.543889,1321.0,,,,413.62716,11.62716,402.0,1812.805072,56.805072,1756.0,,,,3807.687306,79.687306,3728.0,,,,3022.34379,62.34379,2960.0,1889.457595,50.457595,1839.0
blocks,001,Alamance,872a8ba96ffffff,1624.094464,-39.905536,1664.0,,,,1413.81541,-51.18459,1465.0,1649.305819,-93.694181,1743.0,,,,4916.868978,-198.131022,5115.0,,,,3554.960752,-136.039248,3691.0,1818.592663,-98.407337,1917.0
blocks,001,Alamance,872a8ba98ffffff,64.416579,-34.583421,99.0,,,,87.769772,-52.230228,140.0,538.480406,-254.519594,793.0,,,,736.136137,-359.863863,1096.0,,,,550.329223,-268.670777,819.0,553.805064,-262.194936,816.0
blocks,001,Alamance,872a8ba99ffffff,30.044458,-17.955542,48.0,,,,9.144338,-5.855662,15.0,470.542459,-293.457541,764.0,,,,521.696679,-324.303321,846.0,,,,411.444391,-253.555609,665.0,470.551908,-293.448092,764.0
blocks,001,Alamance,872a8ba9affffff,11.081282,0.081282,11.0,,,,49.199931,15.199931,34.0,456.413733,-168.586267,625.0,,,,536.848901,-162.151099,699.0,,,,408.322771,-131.677229,540.0,464.855115,-166.144885,631.0
blocks,001,Alamance,872a8ba9bffffff,14.872364,5.872364,9.0,,,,15.114987,4.114987,11.0,419.383858,198.383858,221.0,,,,468.307522,212.307522,256.0,,,,376.807849,163.807849,213.0,426.726199,198.726199,228.0
blocks,001,Alamance,872a8ba9cffffff,43.761107,19.761107,24.0,,,,48.853334,11.853334,37.0,698.252076,195.252076,503.0,,,,838.58552,237.58552,601.0,,,,662.13732,182.13732,480.0,718.506824,196.506824,522.0
blocks,001,Alamance,872a8ba9dffffff,31.046463,10.046463,21.0,,,,16.347884,4.347884,12.0,328.003135,82.003135,246.0,,,,399.804018,102.804018,297.0,,,,335.54474,72.54474,263.0,331.975903,80.975903,251.0
blocks,001,Alamance,872a8ba9effffff,139.878037,-35.121963,175.0,,,,98.943702,-5.056298,104.0,804.456684,-134.543316,939.0,,,,1094.269491,-176.730509,1271.0,,,,853.087685,-129.912315,983.0,814.919602,-132.080398,947.0
blocks,001,Alamance,872a8baa0ffffff,526.272807,3.272807,523.0,,,,168.768174,-8.231826,177.0,1495.783597,-36.216403,1532.0,,,,2363.322656,-35.677344,2399.0,,,,1774.845193,-21.154807,1796.0,1523.453737,-34.546263,1558.0
blocks,001,Alamance,872a8baa1ffffff,636.998736,59.998736,577.0,,,,170.953736,19.953736,151.0,1354.091131,254.091131,1100.0,,,,2342.752333,356.752333,1986.0,,,,1794.681057,275.681057,1519.0,1386.740585,254.740585,1132.0
blocks,001,Alamance,872a8baa2ffffff,394.086241,-8.913759,403.0,,,,244.532721,-3.467279,248.0,982.477089,66.477089,916.0,,,,1753.443082,54.443082,1699.0,,,,1253.892882,43.892882,1210.0,1003.43693,65.43693,938.0
blocks,001,Alamance,872a8baa3ffffff,583.414305,7.414305,576.0,,,,160.141676,3.141676,157.0,846.656439,35.656439,811.0,,,,1715.123154,47.123154,1668.0,,,,1352.323936,44.323936,1308.0,868.297241,38.297241,830.0
blocks,001,Alamance,872a8baa4ffffff,464.177138,-147.822862,612.0,,,,183.345205,-18.654795,202.0,1160.375043,-237.624957,1398.0,,,,1944.75891,-429.24109,2374.0,,,,1444.156712,-332.843288,1777.0,1189.474799,-243.525201,1433.0
blocks,001,Alamance,872a8baa5ffffff,951.587236,86.587236,865.0,,,,293.78701,12.78701,281.0,2070.277875,13.277875,2057.0,,,,3679.292059,120.292059,3559.0,,,,2808.874161,98.874161,2710.0,2117.726962,16.726962,2101.0
blocks,001,Alamance,872a8baa6ffffff,64.662814,7.662814,57.0,,,,115.599736,-0.400264,116.0,392.598753,42.598753,350.0,,,,603.766805,52.766805,551.0,,,,472.590857,42.590857,430.0,398.583322,42.583322,356.0
blocks,001,Alamance,872a8baa8ffffff,16.280856,-0.719144,17.0,,,,32.863292,2.863292,30.0,303.527029,123.527029,180.0,,,,366.809544,127.809544,239.0,,,,285.753098,103.753098,182.0,311.763061,123.763061,188.0
blocks,001,Alamance,872a8baa9ffffff,6.832907,6.832907,0.0,,,,2.892852,2.892852,0.0,51.515823,43.515823,8.0,,,,63.582964,54.582964,9.0,,,,45.457526,39.457526,6.0,52.51959,44.51959,8.0
blocks,001,Alamance,872a8baaaffffff,25.993906,-0.006094,26.0,,,,63.008019,-5.991981,69.0,353.797222,-61.202778,415.0,,,,462.218067,-69.781933,532.0,,,,378.789431,-59.210569,438.0,355.232503,-60.767497,416.0
blocks,001,Alamance,872a8baabffffff,53.2339,-20.7661,74.0,,,,66.733893,-10.266107,77.0,401.243651,-215.756349,617.0,,,,560.977574,-256.022426,817.0,,,,445.375971,-206.624029,652.0,410.670049,-217.329951,628.0
blocks,001,Alamance,872a8baacffffff,8.877401,3.877401,5.0,,,,10.808556,3.808556,7.0,177.354547,145.354547,32.0,,,,201.849188,157.849188,44.0,,,,164.126069,122.126069,42.0,180.537905,148.537905,32.0
blocks,001,Alamance,872a8baaeffffff,107.266741,-35.733259,143.0,,,,45.700782,-13.299218,59.0,543.681289,-399.318711,943.0,,,,741.380715,-463.619285,1205.0,,,,575.263288,-365.736712,941.0,553.521486,-405.478514,959.0
blocks,001,Alamance,872a8bab0ffffff,123.364397,-11.635603,135.0,,,,279.439168,-1.560832,281.0,797.116307,-47.883693,845.0,,,,1273.634852,-66.365148,1340.0,,,,977.74122,-60.25878,1038.0,826.176262,-44.823738,871.0
blocks,001,Alamance,872a8bab1ffffff,77.972267,6.972267,71.0,,,,82.421468,9.421468,73.0,507.663944,3.663944,504.0,,,,707.272649,22.272649,685.0,,,,553.411,11.411,542.0,512.463057,4.463057,508.0
blocks,001,Alamance,872a8bab2ffffff,924.155276,-30.844724,955.0,,,,1808.031153,-43.968847,1852.0,876.259935,7.259935,869.0,,,,3761.94785,-71.05215,3833.0,,,,2638.62579,-51.37421,2690.0,1113.110433,-0.889567,1114.0
blocks,001,Alamance,872a8bab3ffffff,451.063553,37.063553,414.0,,,,266.425634,-0.574366,267.0,626.650024,-25.349976,652.0,,,,1432.859643,15.859643,1417.0,,,,1054.541337,11.541337,1043.0,657.448431,-28.551569,686.0
blocks,001,Alamance,872a8bab4ffffff,567.441897,-95.558103,663.0,,,,517.213452,-142.786548,660.0,366.373883,4.373883,362.0,,,,1508.784549,-234.215451,1743.0,,,,1121.438234,-153.561766,1275.0,433.163229,-15.836771,449.0
blocks,001,Alamance,872a8bab5ffffff,82.332991,19.332991,63.0,,,,94.860653,15.860653,79.0,346.842852,60.842852,286.0,,,,556.392613,102.392613,454.0,,,,430.069755,76.069755,354.0,367.426829,60.426829,307.0
blocks,001,Alamance,872a8bab6ffffff,32.814752,-7.185248,40.0,,,,53.897027,-8.102973,62.0,297.49279,-104.50721,402.0,,,,402.513585,-123.486415,526.0,,,,318.117358,-98.882642,417.0,303.034596,-104.965404,408.0
blocks,001,Alamance,872a8bac2ffffff,16.433935,0.433935,16.0,,,,10.669085,1.669085,9.0,31.016668,19.016668,12.0,,,,67.291766,23.291766,44.0,,,,47.926161,17.926161,30.0,33.016668,19.016668,14.0
blocks,001,Alamance,872a8bad0ffffff,5.082061,4.082061,1.0,,,,14.607702,4.607702,10.0,153.40607,26.40607,127.0,,,,186.080654,37.080654,149.0,,,,155.958745,26.958745,129.0,161.608504,25.608504,136.0
blocks,001,Alamance,872a8bad1ffffff,0.619326,-1.380674,2.0,,,,0.929575,-2.070425,3.0,49.539415,-110.460585,160.0,,,,52.326674,-116.673326,169.0,,,,43.346842,-96.653158,140.0,49.539415,-110.460585,160.0
blocks,001,Alamance,872a8bad2ffffff,27.073391,9.073391,18.0,,,,55.274908,20.274908,35.0,312.702198,99.702198,213.0,,,,428.23873,135.23873,293.0,,,,345.1375,104.1375,241.0,323.989072,103.989072,220.0
blocks,001,Alamance,872a8bad3ffffff,7.070249,-1.929751,9.0,,,,43.304526,-19.695474,63.0,170.616465,-46.383535,217.0,,,,230.655685,-70.344315,301.0,,,,176.028797,-51.971203,228.0,179.440336,-50.559664,230.0
blocks,001,Alamance,872a8bad4ffffff,25.223672,0.223672,25.0,,,,57.122022,-5.877978,63.0,239.551266,-59.448734,299.0,,,,337.558526,-64.441474,402.0,,,,258.970197,-46.029803,305.0,240.743158,-58.256842,299.0
blocks,001,Alamance,872a8bad5ffffff,6.22829,5.22829,1.0,,,,11.489742,7.489742,4.0,87.263561,58.263561,29.0,,,,111.593012,72.593012,39.0,,,,93.339915,64.339915,29.0,87.794675,58.794675,29.0
blocks,001,Alamance,872a8bad6ffffff,138.867181,2.867181,136.0,,,,188.609997,13.609997,175.0,528.092466,66.092466,462.0,,,,938.387017,81.387017,857.0,,,,711.040681,60.040681,651.0,559.60188,66.60188,493.0
blocks,001,Alamance,872a8bad8ffffff,16.05897,-1.94103,18.0,,,,45.973356,-8.026644,54.0,165.138381,-25.861619,191.0,,,,239.130664,-38.869336,278.0,,,,194.085617,-35.914383,230.0,166.693667,-25.306333,192.0
blocks,001,Alamance,872a8bad9ffffff,3.299362,2.299362,1.0,,,,2.458981,1.458981,1.0,84.547983,37.547983,47.0,,,,97.307135,47.307135,50.0,,,,80.346529,36.346529,44.0,85.177575,38.177575,47.0
blocks,001,Alamance,872a8badaffffff,14.780735,14.780735,0.0,,,,39.59542,29.59542,10.0,147.75303,128.75303,19.0,,,,210.907059,181.907059,29.0,,,,151.241394,133.241394,18.0,152.212183,129.212183,23.0
blocks,001,Alamance,872a8badbffffff,6.927145,-2.072855,9.0,,,,11.901552,-1.098448,13.0,105.273632,-12.726368,118.0,,,,132.966124,-16.033876,149.0,,,,100.477348,-8.522652,109.0,109.768035,-14.231965,124.0
blocks,001,Alamance,872a8badcffffff,1.234901,1.234901,0.0,,,,4.917642,4.917642,0.0,64.052158,64.052158,0.0,,,,71.14186,71.14186,0.0,,,,55.279316,55.279316,0.0,64.052158,64.052158,0.0
blocks,001,Alamance,872a8baddffffff,1.159959,1.159959,0.0,,,,3.245847,3.245847,0.0,30.922677,30.922677,0.0,,,,37.241735,37.241735,0.0,,,,30.905738,30.905738,0.0,30.922677,30.922677,0.0
blocks,001,Alamance,872a8badeffffff,10.333353,-2.666647,13.0,,,,37.328469,6.328469,31.0,180.492589,-62.507411,243.0,,,,233.202738,-58.797262,292.0,,,,173.676446,-43.323554,217.0,191.373591,-58.626409,250.0
blocks,001,Alamance,872a8baf0ffffff,1.25998,1.25998,0.0,,,,1.612774,1.612774,0.0,4.687126,4.687126,0.0,,,,8.013473,8.013473,0.0,,,,5.947106,5.947106,0.0,4.838323,4.838323,0.0
blocks,001,Alamance,872a8baf2ffffff,33.415218,1.415218,32.0,,,,51.193282,-10.806718,62.0,260.698043,4.698043,256.0,,,,367.366324,-4.633676,372.0,,,,277.737517,-6.262483,284.0,267.036541,2.036541,265.0
blocks,001,Alamance,872a8baf3ffffff,21.609735,-8.390265,30.0,,,,37.76105,-7.23895,45.0,200.028629,-61.971371,262.0,,,,280.831631,-83.168369,364.0,,,,225.399878,-72.600122,298.0,202.021658,-62.978342,265.0
blocks,001,Alamance,872a8baf6ffffff,20.671366,11.671366,9.0,,,,50.268908,20.268908,30.0,133.360238,74.360238,59.0,,,,229.814166,113.814166,116.0,,,,178.025061,92.025061,86.0,145.643761,77.643761,68.0
blocks,001,Alamance,872a8bb80ffffff,14.871923,-21.128077,36.0,,,,2.478654,-3.521346,6.0,54.530383,-77.469617,132.0,,,,76.425158,-108.574842,185.0,,,,64.444998,-91.555002,156.0,55.356601,-78.643399,134.0
blocks,001,Alamance,872a8bb81ffffff,4.048967,4.048967,0.0,,,,0.867909,0.867909,0.0,15.811619,15.811619,0.0,,,,21.676057,21.676057,0.0,,,,18.704012,18.704012,0.0,16.422725,16.422725,0.0
blocks,001,Alamance,872a8bb82ffffff,23.808586,19.808586,4.0,,,,6.558743,3.558743,3.0,85.82529,28.82529,57.0,,,,122.660731,58.660731,64.0,,,,101.048558,44.048558,57.0,87.11798,30.11798,57.0
blocks,001,Alamance,872a8bb83ffffff,47.09231,25.09231,22.0,,,,12.562793,0.562793,12.0,126.838677,30.838677,96.0,,,,193.942871,57.942871,136.0,,,,159.779084,41.779084,118.0,129.56125,30.56125,99.0
blocks,001,Alamance,872a8bb84ffffff,16.616241,7.616241,9.0,,,,1.73252,0.73252,1.0,23.43729,21.43729,2.0,,,,44.152346,31.152346,13.0,,,,37.188004,26.188004,11.0,23.77483,21.77483,2.0
blocks,001,Alamance,872a8bb86ffffff,32.161209,28.161209,4.0,,,,8.656559,7.656559,1.0,92.698864,76.698864,16.0,,,,139.670861,117.670861,22.0,,,,117.927759,95.927759,22.0,93.539735,77.539735,16.0
blocks,001,Alamance,872a8bb8affffff,153.652329,29.652329,124.0,,,,51.433591,0.433591,51.0,744.220997,-109.779003,854.0,,,,1002.169594,-83.830406,1086.0,,,,795.946405,-73.053595,869.0,753.744936,-111.255064,865.0
blocks,001,Alamance,872a8bb8bffffff,132.440862,-18.559138,151.0,,,,74.302962,-2.697038,77.0,811.330055,-28.669945,840.0,,,,1087.768152,-50.231848,1138.0,,,,871.794544,-54.205456,926.0,816.746847,-27.253153,844.0
blocks,001,Alamance,872a8bb8effffff,100.377502,-6.622498,107.0,,,,21.708016,-4.291984,26.0,249.151479,109.151479,140.0,,,,396.602304,106.602304,290.0,,,,306.954255,84.954255,222.0,250.643043,109.643043,141.0
blocks,001,Alamance,872a8bb90ffffff,59.353146,36.353146,23.0,,,,18.415823,8.415823,10.0,138.15658,76.15658,62.0,,,,226.585026,126.585026,100.0,,,,186.581501,103.581501,83.0,140.485536,77.485536,63.0
blocks,001,Alamance,872a8bb91ffffff,31.771709,31.771709,0.0,,,,3.861212,3.861212,0.0,73.460385,73.460385,0.0,,,,113.634947,113.634947,0.0,,,,97.210551,97.210551,0.0,73.861564,73.861564,0.0
blocks,001,Alamance,872a8bb92ffffff,15.284154,3.284154,12.0,,,,3.795226,1.795226,2.0,66.59657,5.59657,61.0,,,,96.133617,8.133617,88.0,,,,68.263493,9.263493,59.0,66.787256,5.787256,61.0
blocks,001,Alamance,872a8bb93ffffff,68.463286,-40.536714,109.0,,,,10.616104,-6.383896,17.0,160.210975,-88.789025,249.0,,,,250.805527,-142.194473,393.0,,,,197.693146,-112.306854,310.0,162.696001,-90.303999,253.0
blocks,001,Alamance,872a8bb94ffffff,63.266219,8.266219,55.0,,,,28.548886,3.548886,25.0,145.22124,15.22124,130.0,,,,244.025886,31.025886,213.0,,,,196.240395,17.240395,179.0,146.899387,14.899387,132.0
blocks,001,Alamance,872a8bb95ffffff,35.348929,-5.651071,41.0,,,,11.733388,9.733388,2.0,97.095908,26.095908,71.0,,,,148.785304,32.785304,116.0,,,,122.413923,17.413923,105.0,97.403554,26.403554,71.0
blocks,001,Alamance,872a8bb96ffffff,18.160421,3.160421,15.0,,,,4.329001,4.329001,0.0,74.869583,0.869583,74.0,,,,101.494353,6.494353,95.0,,,,86.164556,4.164556,82.0,75.167607,1.167607,74.0
blocks,001,Alamance,872a8bb98ffffff,33.112357,-13.887643,47.0,,,,9.271266,-2.728734,12.0,91.063135,-3.936865,95.0,,,,146.026229,-18.973771,165.0,,,,113.916183,-11.083817,125.0,92.729074,-4.270926,97.0
blocks,001,Alamance,872a8bb99ffffff,28.365459,5.365459,23.0,,,,24.548087,5.548087,19.0,304.816975,63.816975,241.0,,,,382.895028,73.895028,309.0,,,,305.491536,62.491536,243.0,304.919352,63.919352,241.0
blocks,001,Alamance,872a8bb9affffff,885.922551,9.922551,876.0,,,,465.344492,10.344492,455.0,337.575013,26.575013,311.0,,,,1781.501435,48.501435,1733.0,,,,1274.599501,37.599501,1237.0,407.606053,27.606053,380.0
blocks,001,Alamance,872a8bb9bffffff,77.714886,70.714886,7.0,,,,141.967003,74.967003,67.0,134.734012,-1.265988,136.0,,,,371.186199,146.186199,225.0,,,,285.658584,104.658584,181.0,149.741457,10.741457,139.0
blocks,001,Alamance,872a8bb9cffffff,41.927536,-59.072464,101.0,,,,8.831105,-12.168895,21.0,86.919188,-115.080812,202.0,,,,148.630364,-194.369636,343.0,,,,117.424693,-149.575307,267.0,89.035565,-116.964435,206.0
blocks,001,Alamance,872a8bb9dffffff,98.247841,31.247841,67.0,,,,36.279329,10.279329,26.0,119.713129,35.713129,84.0,,,,269.516058,76.516058,193.0,,,,220.566994,61.566994,159.0,121.130908,36.130908,85.0
blocks,001,Alamance,872a8bb9effffff,48.381,9.381,39.0,,,,17.458676,0.458676,17.0,151.92216,-1.07784,153.0,,,,224.475731,9.475731,215.0,,,,188.91394,1.91394,187.0,152.085663,-0.914337,153.0
blocks,001,Alamance,872a8bbb0ffffff,79.411314,-46.588686,126.0,,,,26.603598,-15.396402,42.0,112.613743,-70.386257,183.0,,,,231.867373,-137.132627,369.0,,,,177.283614,-106.716386,284.0,115.250667,-72.749333,188.0
blocks,001,Alamance,872a8bbb1ffffff,63.943576,34.943576,29.0,,,,17.25055,16.25055,1.0,113.563986,53.563986,60.0,,,,201.519917,109.519917,92.0,,,,157.626689,80.626689,77.0,116.368371,55.368371,61.0
blocks,001,Alamance,872a8bbb2ffffff,160.303708,29.303708,131.0,,,,23.387793,5.387793,18.0,115.1157,43.1157,72.0,,,,315.540667,81.540667,234.0,,,,247.182454,68.182454,179.0,115.308072,43.308072,72.0
blocks,001,Alamance,872a8bbb3ffffff,45.749485,-48.250515,94.0,,,,28.225972,-32.774028,61.0,120.15707,-149.84293,270.0,,,,206.346401,-242.653599,449.0,,,,154.783334,-182.216666,337.0,121.203498,-150.796502,272.0
blocks,001,Alamance,872a8bbb4ffffff,80.575862,18.575862,62.0,,,,20.251927,3.251927,17.0,45.531106,22.531106,23.0,,,,164.968617,49.968617,115.0,,,,133.34018,38.34018,95.0,47.808969,22.808969,25.0
blocks,001,Alamance,872a8bbb5ffffff,53.714458,-5.285542,59.0,,,,12.819954,1.819954,11.0,43.90931,-9.09069,53.0,,,,121.856341,-15.143659,137.0,,,,98.817789,-12.182211,111.0,46.962258,-9.037742,56.0
blocks,001,Alamance,872a8bbb6ffffff,93.205801,-49.794199,143.0,,,,14.300073,-6.699927,21.0,42.064924,-25.935076,68.0,,,,163.21663,-89.78337,253.0,,,,123.561606,-74.438394,198.0,44.064924,-25.935076,70.0
precincts,001,Alamance,872a8b02dffffff,,,,63.94674,63.94674,0.0,,,,,,,95.355823,95.355823,0.0,,,,159.302563,159.302563,0.0,,,,,,
precincts,001,Alamance,872a8b040ffffff,,,,36.040856,36.040856,0.0,,,,,,,126.877895,126.877895,0.0,,,,162.918751,162.918751,0.0,,,,,,
precincts,001,Alamance,872a8b041ffffff,,,,33.166256,33.166256,0.0,,,,,,,141.624068,141.624068,0.0,,,,174.790324,174.790324,0.0,,,,,,
precincts,001,Alamance,872a8b043ffffff,,,,13.270409,13.270409,0.0,,,,,,,56.666307,56.666307,0.0,,,,69.936716,69.936716,0.0,,,,,,
precincts,001,Alamance,872a8b044ffffff,,,,535.084011,535.084011,0.0,,,,,,,522.562243,522.562243,0.0,,,,1057.646255,1057.646255,0.0,,,,,,
precincts,001,Alamance,872a8b045ffffff,,,,133.367171,133.367171,0.0,,,,,,,217.706162,217.706162,0.0,,,,351.073333,351.073333,0.0,,,,,,
precincts,001,Alamance,872a8b046ffffff,,,,70.916991,70.916991,0.0,,,,,,,74.222126,74.222126,0.0,,,,145.139117,145.139117,0.0,,,,,,
precincts,001,Alamance,872a8b048ffffff,,,,33.138988,33.138988,0.0,,,,,,,141.507628,141.507628,0.0,,,,174.646616,174.646616,0.0,,,,,,
precincts,001,Alamance,872a8b049ffffff,,,,26.743444,26.743444,0.0,,,,,,,112.118865,112.118865,0.0,,,,138.862309,138.862309,0.0,,,,,,
precincts,001,Alamance,872a8b04affffff,,,,21.991156,21.991156,0.0,,,,,,,93.904989,93.904989,0.0,,,,115.896144,115.896144,0.0,,,,,,
precincts,001,Alamance,872a8b04bffffff,,,,24.184518,24.184518,0.0,,,,,,,100.359286,100.359286,0.0,,,,124.543804,124.543804,0.0,,,,,,
precincts,001,Alamance,872a8b04cffffff,,,,33.153851,-525.846149,559.0,,,,,,,141.571095,-2245.428905,2387.0,,,,174.724946,-2771.275054,2946.0,,,,,,
precincts,001,Alamance,872a8b04dffffff,,,,33.141439,33.141439,0.0,,,,,,,141.518093,141.518093,0.0,,,,174.659532,174.659532,0.0,,,,,,
precincts,001,Alamance,872a8b04effffff,,,,33.128314,33.128314,0.0,,,,,,,141.462051,141.462051,0.0,,,,174.590366,174.590366,0.0,,,,,,
precincts,001,Alamance,872a8b05dffffff,,,,0.605669,0.605669,0.0,,,,,,,2.586281,2.586281,0.0,,,,3.19195,3.19195,0.0,,,,,,
precincts,001,Alamance,872a8b060ffffff,,,,592.595585,592.595585,0.0,,,,,,,711.262336,711.262336,0.0,,,,1303.857921,1303.857921,0.0,,,,,,
precincts,001,Alamance,872a8b061ffffff,,,,146.414603,-373.585397,520.0,,,,,,,254.536156,-649.463844,904.0,,,,400.950759,-1023.049241,1424.0,,,,,,
precincts,001,Alamance,872a8b062ffffff,,,,556.616845,-2153.383155,2710.0,,,,,,,538.952989,-2085.047011,2624.0,,,,1095.569834,-4238.430166,5334.0,,,,,,
precincts,001,Alamance,872a8b063ffffff,,,,469.973252,469.973252,0.0,,,,,,,478.830523,478.830523,0.0,,,,948.803775,948.803775,0.0,,,,,,
precincts,001,Alamance,872a8b064ffffff,,,,962.685535,288.685535,674.0,,,,,,,1199.161386,347.161386,852.0,,,,2161.846921,635.846921,1526.0,,,,,,
precincts,001,Alamance,872a8b065ffffff,,,,1007.592894,-444.407106,1452.0,,,,,,,920.384614,-646.615386,1567.0,,,,1927.977508,-1091.022492,3019.0,,,,,,
precincts,001,Alamance,872a8b066ffffff,,,,840.644486,-24.355514,865.0,,,,,,,920.653167,-222.346833,1143.0,,,,1761.297653,-246.702347,2008.0,,,,,,
precincts,001,Alamance,872a8b068ffffff,,,,33.17115,33.17115,0.0,,,,,,,141.644966,141.644966,0.0,,,,174.816117,174.816117,0.0,,,,,,
precincts,001,Alamance,872a8b069ffffff,,,,33.158727,33.158727,0.0,,,,,,,141.591918,141.591918,0.0,,,,174.750645,174.750645,0.0,,,,,,
precincts,001,Alamance,872a8b06affffff,,,,33.168711,33.168711,0.0,,,,,,,141.634548,141.634548,0.0,,,,174.803258,174.803258,0.0,,,,,,
precincts,001,Alamance,872a8b06bffffff,,,,33.156296,33.156296,0.0,,,,,,,141.581537,141.581537,0.0,,,,174.737834,174.737834,0.0,,,,,,
precincts,001,Alamance,872a8b06cffffff,,,,132.769096,132.769096,0.0,,,,,,,242.34239,242.34239,0.0,,,,375.111486,375.111486,0.0,,,,,,
precincts,001,Alamance,872a8b06dffffff,,,,153.409192,153.409192,0.0,,,,,,,280.073054,280.073054,0.0,,,,433.482246,433.482246,0.0,,,,,,
precincts,001,Alamance,872a8b06effffff,,,,105.716434,105.716434,0.0,,,,,,,210.197268,210.197268,0.0,,,,315.913702,315.913702,0.0,,,,,,
precincts,001,Alamance,872a8b070ffffff,,,,5.934477,5.934477,0.0,,,,,,,6.521501,6.521501,0.0,,,,12.455978,12.455978,0.0,,,,,,
precincts,001,Alamance,872a8b071ffffff,,,,355.266859,355.266859,0.0,,,,,,,343.992707,343.992707,0.0,,,,699.259566,699.259566,0.0,,,,,,
precincts,001,Alamance,872a8b074ffffff,,,,264.363224,-682.636776,947.0,,,,,,,411.200663,-1061.799337,1473.0,,,,675.563887,-1744.436113,2420.0,,,,,,
precincts,001,Alamance,872a8b075ffffff,,,,1076.886085,673.886085,403.0,,,,,,,1005.407217,746.407217,259.0,,,,2082.293301,1420.293301,662.0,,,,,,
precincts,001,Alamance,872a8b108ffffff,,,,0.495568,0.495568,0.0,,,,,,,1.709359,1.709359,0.0,,,,2.204927,2.204927,0.0,,,,,,
precincts,001,Alamance,872a8b109ffffff,,,,23.480872,23.480872,0.0,,,,,,,80.992473,80.992473,0.0,,,,104.473346,104.473346,0.0,,,,,,
precincts,001,Alamance,872a8b10cffffff,,,,12.474244,12.474244,0.0,,,,,,,43.027358,43.027358,0.0,,,,55.501602,55.501602,0.0,,,,,,
precincts,001,Alamance,872a8b10dffffff,,,,34.794703,34.794703,0.0,,,,,,,120.017223,120.017223,0.0,,,,154.811926,154.811926,0.0,,,,,,
precincts,001,Alamance,872a8b129ffffff,,,,26.023487,26.023487,0.0,,,,,,,89.762704,89.762704,0.0,,,,115.786191,115.786191,0.0,,,,,,
precincts,001,Alamance,872a8b12affffff,,,,1.157204,1.157204,0.0,,,,,,,3.99154,3.99154,0.0,,,,5.148744,5.148744,0.0,,,,,,
precincts,001,Alamance,872a8b12bffffff,,,,31.004908,31.004908,0.0,,,,,,,106.945098,106.945098,0.0,,,,137.950006,137.950006,0.0,,,,,,
precincts,001,Alamance,872a8b140ffffff,,,,34.874044,34.874044,0.0,,,,,,,120.290891,120.290891,0.0,,,,155.164935,155.164935,0.0,,,,,,
precincts,001,Alamance,872a8b141ffffff,,,,157.463684,157.463684,0.0,,,,,,,134.59466,134.59466,0.0,,,,292.058344,292.058344,0.0,,,,,,
precincts,001,Alamance,872a8b142ffffff,,,,44.232648,44.232648,0.0,,,,,,,127.943229,127.943229,0.0,,,,172.175877,172.175877,0.0,,,,,,
precincts,001,Alamance,872a8b143ffffff,,,,114.208569,114.208569,0.0,,,,,,,153.266357,153.266357,0.0,,,,267.474926,267.474926,0.0,,,,,,
precincts,001,Alamance,872a8b144ffffff,,,,30.497894,30.497894,0.0,,,,,,,108.839167,108.839167,0.0,,,,139.337061,139.337061,0.0,,,,,,
precincts,001,Alamance,872a8b145ffffff,,,,22.541563,22.541563,0.0,,,,,,,87.984408,87.984408,0.0,,,,110.52597,110.52597,0.0,,,,,,
precincts,001,Alamance,872a8b146ffffff,,,,34.887042,34.887042,0.0,,,,,,,120.335725,120.335725,0.0,,,,155.222767,155.222767,0.0,,,,,,
precincts,001,Alamance,872a8b148ffffff,,,,959.890108,959.890108,0.0,,,,,,,262.799712,262.799712,0.0,,,,1222.68982,1222.68982,0.0,,,,,,
precincts,001,Alamance,872a8b149ffffff,,,,1074.926491,417.926491,657.0,,,,,,,503.270736,148.270736,355.0,,,,1578.197226,566.197226,1012.0,,,,,,
precincts,001,Alamance,872a8b14affffff,,,,1031.405921,352.405921,679.0,,,,,,,865.964807,126.964807,739.0,,,,1897.370728,479.370728,1418.0,,,,,,
precincts,001,Alamance,872a8b14bffffff,,,,1404.555494,-395.444506,1800.0,,,,,,,871.82643,-186.17357,1058.0,,,,2276.381924,-581.618076,2858.0,,,,,,
precincts,001,Alamance,872a8b14cffffff,,,,685.105864,685.105864,0.0,,,,,,,233.704434,233.704434,0.0,,,,918.810298,918.810298,0.0,,,,,,
precincts,001,Alamance,872a8b14dffffff,,,,1008.186823,-809.813177,1818.0,,,,,,,301.583242,-70.416758,372.0,,,,1309.770065,-880.229935,2190.0,,,,,,
precincts,001,Alamance,872a8b14effffff,,,,689.302125,-1403.697875,2093.0,,,,,,,266.678888,-542.321112,809.0,,,,955.981013,-1946.018987,2902.0,,,,,,
precincts,001,Alamance,872a8b150ffffff,,,,32.909188,32.909188,0.0,,,,,,,111.824026,111.824026,0.0,,,,144.733214,144.733214,0.0,,,,,,
precincts,001,Alamance,872a8b151ffffff,,,,165.558014,165.558014,0.0,,,,,,,227.228866,227.228866,0.0,,,,392.786881,392.786881,0.0,,,,,,
precincts,001,Alamance,872a8b153ffffff,,,,95.437229,95.437229,0.0,,,,,,,127.214941,127.214941,0.0,,,,222.652171,222.652171,0.0,,,,,,
precincts,001,Alamance,872a8b154ffffff,,,,34.897458,34.897458,0.0,,,,,,,120.371655,120.371655,0.0,,,,155.269114,155.269114,0.0,,,,,,
precincts,001,Alamance,872a8b155ffffff,,,,34.884477,34.884477,0.0,,,,,,,120.326879,120.326879,0.0,,,,155.211356,155.211356,0.0,,,,,,
precincts,001,Alamance,872a8b156ffffff,,,,7.897793,7.897793,0.0,,,,,,,27.241825,27.241825,0.0,,,,35.139619,35.139619,0.0,,,,,,
precincts,001,Alamance,872a8b158ffffff,,,,260.071894,-1255.928106,1516.0,,,,,,,304.503701,-1470.496299,1775.0,,,,564.575595,-2726.424405,3291.0,,,,,,
precincts,001,Alamance,872a8b159ffffff,,,,658.127131,658.127131,0.0,,,,,,,788.802579,788.802579,0.0,,,,1446.92971,1446.92971,0.0,,,,,,
precincts,001,Alamance,872a8b15affffff,,,,403.562651,403.562651,0.0,,,,,,,588.631722,588.631722,0.0,,,,992.194373,992.194373,0.0,,,,,,
precincts,001,Alamance,872a8b15bffffff,,,,739.933822,-561.066178,1301.0,,,,,,,786.826219,-410.173781,1197.0,,,,1526.760041,-971.239959,2498.0,,,,,,
precincts,001,Alamance,872a8b15cffffff,,,,226.704853,226.704853,0.0,,,,,,,277.237131,277.237131,0.0,,,,503.941984,503.941984,0.0,,,,,,
precincts,001,Alamance,872a8b15dffffff,,,,360.921774,360.921774,0.0,,,,,,,302.72181,302.72181,0.0,,,,663.643584,663.643584,0.0,,,,,,
precincts,001,Alamance,872a8b15effffff,,,,288.585288,288.585288,0.0,,,,,,,354.877398,354.877398,0.0,,,,643.462686,643.462686,0.0,,,,,,
precincts,001,Alamance,872a8b160ffffff,,,,22.238813,22.238813,0.0,,,,,,,87.217047,87.217047,0.0,,,,109.455861,109.455861,0.0,,,,,,
precincts,001,Alamance,872a8b161ffffff,,,,22.23052,-412.76948,435.0,,,,,,,87.18452,-1618.81548,1706.0,,,,109.41504,-2031.58496,2141.0,,,,,,
precincts,001,Alamance,872a8b162ffffff,,,,24.358722,24.358722,0.0,,,,,,,92.768679,92.768679,0.0,,,,117.127402,117.127402,0.0,,,,,,
precincts,001,Alamance,872a8b163ffffff,,,,22.228915,22.228915,0.0,,,,,,,87.178226,87.178226,0.0,,,,109.40714,109.40714,0.0,,,,,,
precincts,001,Alamance,872a8b164ffffff,,,,22.24871,22.24871,0.0,,,,,,,87.255859,87.255859,0.0,,,,109.504569,109.504569,0.0,,,,,,
precincts,001,Alamance,872a8b165ffffff,,,,22.866676,22.866676,0.0,,,,,,,86.595801,86.595801,0.0,,,,109.462477,109.462477,0.0,,,,,,
precincts,001,Alamance,872a8b166ffffff,,,,22.247103,22.247103,0.0,,,,,,,87.249556,87.249556,0.0,,,,109.496659,109.496659,0.0,,,,,,
precincts,001,Alamance,872a8b168ffffff,,,,22.212325,22.212325,0.0,,,,,,,87.113163,87.113163,0.0,,,,109.325487,109.325487,0.0,,,,,,
precincts,001,Alamance,872a8b169ffffff,,,,84.903342,84.903342,0.0,,,,,,,112.900463,112.900463,0.0,,,,197.803806,197.803806,0.0,,,,,,
precincts,001,Alamance,872a8b16affffff,,,,22.210722,22.210722,0.0,,,,,,,87.106877,87.106877,0.0,,,,109.317599,109.317599,0.0,,,,,,
precincts,001,Alamance,872a8b16bffffff,,,,36.476799,36.476799,0.0,,,,,,,92.64652,92.64652,0.0,,,,129.123319,129.123319,0.0,,,,,,
precincts,001,Alamance,872a8b16cffffff,,,,28.698838,28.698838,0.0,,,,,,,80.662276,80.662276,0.0,,,,109.361114,109.361114,0.0,,,,,,
precincts,001,Alamance,872a8b16dffffff,,,,50.901378,50.901378,0.0,,,,,,,58.377122,58.377122,0.0,,,,109.2785,109.2785,0.0,,,,,,
precincts,001,Alamance,872a8b16effffff,,,,22.220622,22.220622,0.0,,,,,,,87.145703,87.145703,0.0,,,,109.366325,109.366325,0.0,,,,,,
precincts,001,Alamance,872a8b170ffffff,,,,34.915584,34.915584,0.0,,,,,,,120.434176,120.434176,0.0,,,,155.34976,155.34976,0.0,,,,,,
precincts,001,Alamance,872a8b171ffffff,,,,34.902591,34.902591,0.0,,,,,,,120.389361,120.389361,0.0,,,,155.291952,155.291952,0.0,,,,,,
precincts,001,Alamance,872a8b172ffffff,,,,34.913016,34.913016,0.0,,,,,,,120.425318,120.425318,0.0,,,,155.338333,155.338333,0.0,,,,,,
precincts,001,Alamance,872a8b173ffffff,,,,34.900032,-675.099968,710.0,,,,,,,120.380534,-2328.619466,2449.0,,,,155.280567,-3003.719433,3159.0,,,,,,
precincts,001,Alamance,872a8b174ffffff,,,,34.931132,34.931132,0.0,,,,,,,120.487805,120.487805,0.0,,,,155.418937,155.418937,0.0,,,,,,
precincts,001,Alamance,872a8b175ffffff,,,,32.8458,32.8458,0.0,,,,,,,115.013881,115.013881,0.0,,,,147.859681,147.859681,0.0,,,,,,
precincts,001,Alamance,872a8b176ffffff,,,,34.928569,34.928569,0.0,,,,,,,120.478966,120.478966,0.0,,,,155.407536,155.407536,0.0,,,,,,
precincts,001,Alamance,872a8b224ffffff,,,,13.969709,13.969709,0.0,,,,,,,47.19534,47.19534,0.0,,,,61.165049,61.165049,0.0,,,,,,
precincts,001,Alamance,872a8b226ffffff,,,,11.795917,11.795917,0.0,,,,,,,47.913099,47.913099,0.0,,,,59.709016,59.709016,0.0,,,,,,
precincts,001,Alamance,872a8b230ffffff,,,,7.231863,7.231863,0.0,,,,,,,29.374653,29.374653,0.0,,,,36.606516,36.606516,0.0,,,,,,
precincts,001,Alamance,872a8b232ffffff,,,,2.38617,2.38617,0.0,,,,,,,9.692234,9.692234,0.0,,,,12.078404,12.078404,0.0,,,,,,
precincts,001,Alamance,872a8b234ffffff,,,,20.153792,20.153792,0.0,,,,,,,81.861426,81.861426,0.0,,,,102.015218,102.015218,0.0,,,,,,
precincts,001,Alamance,872a8b235ffffff,,,,9.513956,9.513956,0.0,,,,,,,38.644142,38.644142,0.0,,,,48.158097,48.158097,0.0,,,,,,
precincts,001,Alamance,872a8b236ffffff,,,,18.556743,18.556743,0.0,,,,,,,75.374475,75.374475,0.0,,,,93.931219,93.931219,0.0,,,,,,
precincts,001,Alamance,872a8b300ffffff,,,,44.861624,44.861624,0.0,,,,,,,77.994966,77.994966,0.0,,,,122.85659,122.85659,0.0,,,,,,
precincts,001,Alamance,872a8b301ffffff,,,,40.08389,40.08389,0.0,,,,,,,71.781658,71.781658,0.0,,,,111.865549,111.865549,0.0,,,,,,
precincts,001,Alamance,872a8b302ffffff,,,,20.418901,20.418901,0.0,,,,,,,81.939731,81.939731,0.0,,,,102.358632,102.358632,0.0,,,,,,
precincts,001,Alamance,872a8b303ffffff,,,,34.808394,34.808394,0.0,,,,,,,78.373375,78.373375,0.0,,,,113.181769,113.181769,0.0,,,,,,
precincts,001,Alamance,872a8b304ffffff,,,,44.94024,44.94024,0.0,,,,,,,78.020512,78.020512,0.0,,,,122.960752,122.960752,0.0,,,,,,
precincts,001,Alamance,872a8b305ffffff,,,,44.923342,44.923342,0.0,,,,,,,77.991175,77.991175,0.0,,,,122.914518,122.914518,0.0,,,,,,
precincts,001,Alamance,872a8b306ffffff,,,,30.237692,30.237692,0.0,,,,,,,80.390863,80.390863,0.0,,,,110.628555,110.628555,0.0,,,,,,
precincts,001,Alamance,872a8b308ffffff,,,,19.766232,19.766232,0.0,,,,,,,45.733635,45.733635,0.0,,,,65.499867,65.499867,0.0,,,,,,
precincts,001,Alamance,872a8b309ffffff,,,,17.979451,17.979451,0.0,,,,,,,41.599515,41.599515,0.0,,,,59.578966,59.578966,0.0,,,,,,
precincts,001,Alamance,872a8b30affffff,,,,19.824506,19.824506,0.0,,,,,,,51.216514,51.216514,0.0,,,,71.04102,71.04102,0.0,,,,,,
precincts,001,Alamance,872a8b30bffffff,,,,16.025629,16.025629,0.0,,,,,,,37.078907,37.078907,0.0,,,,53.104536,53.104536,0.0,,,,,,
precincts,001,Alamance,872a8b30cffffff,,,,19.775112,19.775112,0.0,,,,,,,45.754181,45.754181,0.0,,,,65.529293,65.529293,0.0,,,,,,
precincts,001,Alamance,872a8b30dffffff,,,,19.767661,19.767661,0.0,,,,,,,45.73694,45.73694,0.0,,,,65.504601,65.504601,0.0,,,,,,
precincts,001,Alamance,872a8b30effffff,,,,19.883565,19.883565,0.0,,,,,,,45.891652,45.891652,0.0,,,,65.775217,65.775217,0.0,,,,,,
precincts,001,Alamance,872a8b310ffffff,,,,20.188573,20.188573,0.0,,,,,,,82.002703,82.002703,0.0,,,,102.191276,102.191276,0.0,,,,,,
precincts,001,Alamance,872a8b311ffffff,,,,20.180997,20.180997,0.0,,,,,,,81.971928,81.971928,0.0,,,,102.152924,102.152924,0.0,,,,,,
precincts,001,Alamance,872a8b312ffffff,,,,20.187077,20.187077,0.0,,,,,,,81.996625,81.996625,0.0,,,,102.183702,102.183702,0.0,,,,,,
precincts,001,Alamance,872a8b313ffffff,,,,20.179506,20.179506,0.0,,,,,,,81.965872,81.965872,0.0,,,,102.145378,102.145378,0.0,,,,,,
precincts,001,Alamance,872a8b314ffffff,,,,20.197638,20.197638,0.0,,,,,,,82.039524,82.039524,0.0,,,,102.237163,102.237163,0.0,,,,,,
precincts,001,Alamance,872a8b315ffffff,,,,20.190061,20.190061,0.0,,,,,,,82.008744,82.008744,0.0,,,,102.198805,102.198805,0.0,,,,,,
precincts,001,Alamance,872a8b316ffffff,,,,20.196146,20.196146,0.0,,,,,,,82.033461,82.033461,0.0,,,,102.229606,102.229606,0.0,,,,,,
precincts,001,Alamance,872a8b318ffffff,,,,20.164351,20.164351,0.0,,,,,,,81.904315,81.904315,0.0,,,,102.068666,102.068666,0.0,,,,,,
precincts,001,Alamance,872a8b319ffffff,,,,20.156767,20.156767,0.0,,,,,,,81.873512,81.873512,0.0,,,,102.030279,102.030279,0.0,,,,,,
precincts,001,Alamance,872a8b31affffff,,,,20.162862,20.162862,0.0,,,,,,,81.898268,81.898268,0.0,,,,102.061131,102.061131,0.0,,,,,,
precincts,001,Alamance,872a8b31bffffff,,,,20.155284,20.155284,0.0,,,,,,,81.867487,81.867487,0.0,,,,102.02277,102.02277,0.0,,,,,,
precincts,001,Alamance,872a8b31cffffff,,,,20.173416,20.173416,0.0,,,,,,,81.941136,81.941136,0.0,,,,102.114551,102.114551,0.0,,,,,,
precincts,001,Alamance,872a8b31dffffff,,,,20.112905,20.112905,0.0,,,,,,,76.060569,76.060569,0.0,,,,96.173475,96.173475,0.0,,,,,,
precincts,001,Alamance,872a8b31effffff,,,,20.17193,-545.82807,566.0,,,,,,,81.935102,-2217.064898,2299.0,,,,102.107033,-2762.892967,2865.0,,,,,,
precincts,001,Alamance,872a8b320ffffff,,,,48.497905,48.497905,0.0,,,,,,,156.957615,156.957615,0.0,,,,205.45552,205.45552,0.0,,,,,,
precincts,001,Alamance,872a8b321ffffff,,,,45.031043,45.031043,0.0,,,,,,,79.914023,79.914023,0.0,,,,124.945066,124.945066,0.0,,,,,,
precincts,001,Alamance,872a8b322ffffff,,,,47.9712,47.9712,0.0,,,,,,,145.266624,145.266624,0.0,,,,193.237824,193.237824,0.0,,,,,,
precincts,001,Alamance,872a8b323ffffff,,,,44.943492,44.943492,0.0,,,,,,,78.026158,78.026158,0.0,,,,122.96965,122.96965,0.0,,,,,,
precincts,001,Alamance,872a8b324ffffff,,,,51.266619,51.266619,0.0,,,,,,,166.506058,166.506058,0.0,,,,217.772676,217.772676,0.0,,,,,,
precincts,001,Alamance,872a8b325ffffff,,,,53.339514,53.339514,0.0,,,,,,,136.204276,136.204276,0.0,,,,189.54379,189.54379,0.0,,,,,,
precincts,001,Alamance,872a8b326ffffff,,,,49.027495,-531.972505,581.0,,,,,,,168.431807,-1827.568193,1996.0,,,,217.459302,-2359.540698,2577.0,,,,,,
precincts,001,Alamance,872a8b328ffffff,,,,44.909663,44.909663,0.0,,,,,,,77.967427,77.967427,0.0,,,,122.877091,122.877091,0.0,,,,,,
precincts,001,Alamance,872a8b329ffffff,,,,40.110887,40.110887,0.0,,,,,,,71.811492,71.811492,0.0,,,,111.922379,111.922379,0.0,,,,,,
precincts,001,Alamance,872a8b32affffff,,,,39.23123,39.23123,0.0,,,,,,,70.6907,70.6907,0.0,,,,109.92193,109.92193,0.0,,,,,,
precincts,001,Alamance,872a8b32bffffff,,,,27.656282,27.656282,0.0,,,,,,,55.853078,55.853078,0.0,,,,83.509361,83.509361,0.0,,,,,,
precincts,001,Alamance,872a8b32cffffff,,,,44.929803,44.929803,0.0,,,,,,,78.002392,78.002392,0.0,,,,122.932195,122.932195,0.0,,,,,,
precincts,001,Alamance,872a8b32dffffff,,,,44.912872,44.912872,0.0,,,,,,,77.972998,77.972998,0.0,,,,122.88587,122.88587,0.0,,,,,,
precincts,001,Alamance,872a8b32effffff,,,,44.926582,-800.073418,845.0,,,,,,,77.996801,-1389.003199,1467.0,,,,122.923383,-2189.076617,2312.0,,,,,,
precincts,001,Alamance,872a8b330ffffff,,,,34.900811,34.900811,0.0,,,,,,,141.348421,141.348421,0.0,,,,176.249232,176.249232,0.0,,,,,,
precincts,001,Alamance,872a8b331ffffff,,,,43.931788,43.931788,0.0,,,,,,,126.737256,126.737256,0.0,,,,170.669044,170.669044,0.0,,,,,,
precincts,001,Alamance,872a8b332ffffff,,,,29.558014,29.558014,0.0,,,,,,,125.05334,125.05334,0.0,,,,154.611354,154.611354,0.0,,,,,,
precincts,001,Alamance,872a8b333ffffff,,,,20.199123,20.199123,0.0,,,,,,,82.045556,82.045556,0.0,,,,102.244679,102.244679,0.0,,,,,,
precincts,001,Alamance,872a8b334ffffff,,,,42.454177,42.454177,0.0,,,,,,,157.315805,157.315805,0.0,,,,199.769982,199.769982,0.0,,,,,,
precincts,001,Alamance,872a8b335ffffff,,,,49.023945,49.023945,0.0,,,,,,,168.419613,168.419613,0.0,,,,217.443558,217.443558,0.0,,,,,,
precincts,001,Alamance,872a8b336ffffff,,,,33.143875,33.143875,0.0,,,,,,,141.528498,141.528498,0.0,,,,174.672373,174.672373,0.0,,,,,,
precincts,001,Alamance,872a8b354ffffff,,,,0.672316,0.672316,0.0,,,,,,,1.555555,1.555555,0.0,,,,2.227871,2.227871,0.0,,,,,,
precincts,001,Alamance,872a8b356ffffff,,,,0.03756,0.03756,0.0,,,,,,,0.086903,0.086903,0.0,,,,0.124463,0.124463,0.0,,,,,,
precincts,001,Alamance,872a8b360ffffff,,,,8.588198,8.588198,0.0,,,,,,,19.870732,19.870732,0.0,,,,28.45893,28.45893,0.0,,,,,,
precincts,001,Alamance,872a8b362ffffff,,,,6.351519,6.351519,0.0,,,,,,,14.695671,14.695671,0.0,,,,21.04719,21.04719,0.0,,,,,,
precincts,001,Alamance,872a8b364ffffff,,,,8.238323,8.238323,0.0,,,,,,,19.061217,19.061217,0.0,,,,27.299539,27.299539,0.0,,,,,,
precincts,001,Alamance,872a8b365ffffff,,,,2.337314,2.337314,0.0,,,,,,,5.407904,5.407904,0.0,,,,7.745218,7.745218,0.0,,,,,,
precincts,001,Alamance,872a8b366ffffff,,,,19.764425,19.764425,0.0,,,,,,,45.729453,45.729453,0.0,,,,65.493878,65.493878,0.0,,,,,,
precincts,001,Alamance,872a8b370ffffff,,,,19.75469,19.75469,0.0,,,,,,,45.706929,45.706929,0.0,,,,65.461619,65.461619,0.0,,,,,,
precincts,001,Alamance,872a8b371ffffff,,,,4.116746,4.116746,0.0,,,,,,,9.525019,9.525019,0.0,,,,13.641765,13.641765,0.0,,,,,,
precincts,001,Alamance,872a8b372ffffff,,,,19.25816,19.25816,0.0,,,,,,,44.558096,44.558096,0.0,,,,63.816256,63.816256,0.0,,,,,,
precincts,001,Alamance,872a8b373ffffff,,,,2.089367,2.089367,0.0,,,,,,,4.834222,4.834222,0.0,,,,6.923589,6.923589,0.0,,,,,,
precincts,001,Alamance,872a8b374ffffff,,,,21.202373,21.202373,0.0,,,,,,,47.578031,47.578031,0.0,,,,68.780404,68.780404,0.0,,,,,,
precincts,001,Alamance,872a8b375ffffff,,,,19.763027,19.763027,0.0,,,,,,,45.726219,45.726219,0.0,,,,65.489245,65.489245,0.0,,,,,,
precincts,001,Alamance,872a8b376ffffff,,,,19.769081,-337.230919,357.0,,,,,,,45.740227,-780.259773,826.0,,,,65.509308,-1117.490692,1183.0,,,,,,
precincts,001,Alamance,872a8b3a1ffffff,,,,9.200135,9.200135,0.0,,,,,,,37.369451,37.369451,0.0,,,,46.569586,46.569586,0.0,,,,,,
precincts,001,Alamance,872a8b3a4ffffff,,,,4.35706,4.35706,0.0,,,,,,,17.826499,17.826499,0.0,,,,22.183559,22.183559,0.0,,,,,,
precincts,001,Alamance,872a8b3a5ffffff,,,,17.892478,17.892478,0.0,,,,,,,72.676337,72.676337,0.0,,,,90.568815,90.568815,0.0,,,,,,
precincts,001,Alamance,872a8b3a8ffffff,,,,14.525175,14.525175,0.0,,,,,,,58.998901,58.998901,0.0,,,,73.524076,73.524076,0.0,,,,,,
precincts,001,Alamance,872a8b3a9ffffff,,,,20.161365,20.161365,0.0,,,,,,,81.892186,81.892186,0.0,,,,102.053551,102.053551,0.0,,,,,,
precincts,001,Alamance,872a8b3abffffff,,,,5.047049,5.047049,0.0,,,,,,,20.500292,20.500292,0.0,,,,25.547341,25.547341,0.0,,,,,,
precincts,001,Alamance,872a8b3acffffff,,,,20.178006,20.178006,0.0,,,,,,,81.959782,81.959782,0.0,,,,102.137788,102.137788,0.0,,,,,,
precincts,001,Alamance,872a8b3adffffff,,,,20.170436,20.170436,0.0,,,,,,,81.929033,81.929033,0.0,,,,102.09947,102.09947,0.0,,,,,,
precincts,001,Alamance,872a8b3aeffffff,,,,1.071792,1.071792,0.0,,,,,,,4.353445,4.353445,0.0,,,,5.425237,5.425237,0.0,,,,,,
precincts,001,Alamance,872a8b85bffffff,,,,2.877307,2.877307,0.0,,,,,,,2.857967,2.857967,0.0,,,,5.735274,5.735274,0.0,,,,,,
precincts,001,Alamance,872a8b8c8ffffff,,,,49.043105,49.043105,0.0,,,,,,,58.124599,58.124599,0.0,,,,107.167704,107.167704,0.0,,,,,,
precincts,001,Alamance,872a8b8c9ffffff,,,,54.911682,54.911682,0.0,,,,,,,54.542597,54.542597,0.0,,,,109.45428,109.45428,0.0,,,,,,
precincts,001,Alamance,872a8b8caffffff,,,,22.258604,22.258604,0.0,,,,,,,87.294662,87.294662,0.0,,,,109.553265,109.553265,0.0,,,,,,
precincts,001,Alamance,872a8b8cbffffff,,,,35.433818,35.433818,0.0,,,,,,,74.051986,74.051986,0.0,,,,109.485803,109.485803,0.0,,,,,,
precincts,001,Alamance,872a8b8ccffffff,,,,1.719862,1.719862,0.0,,,,,,,1.708302,1.708302,0.0,,,,3.428164,3.428164,0.0,,,,,,
precincts,001,Alamance,872a8b8cdffffff,,,,48.632802,48.632802,0.0,,,,,,,48.30592,48.30592,0.0,,,,96.938723,96.938723,0.0,,,,,,
precincts,001,Alamance,872a8b8ceffffff,,,,3.213644,3.213644,0.0,,,,,,,11.645056,11.645056,0.0,,,,14.8587,14.8587,0.0,,,,,,
precincts,001,Alamance,872a8b8d8ffffff,,,,9.691066,9.691066,0.0,,,,,,,38.0068,38.0068,0.0,,,,47.697865,47.697865,0.0,,,,,,
precincts,001,Alamance,872a8b8d9ffffff,,,,22.257,22.257,0.0,,,,,,,87.288373,87.288373,0.0,,,,109.545373,109.545373,0.0,,,,,,
precincts,001,Alamance,872a8b8daffffff,,,,20.228332,20.228332,0.0,,,,,,,70.090832,70.090832,0.0,,,,90.319164,90.319164,0.0,,,,,,
precincts,001,Alamance,872a8b8dbffffff,,,,26.617455,26.617455,0.0,,,,,,,98.709776,98.709776,0.0,,,,125.327231,125.327231,0.0,,,,,,
precincts,001,Alamance,872a8b8ddffffff,,,,6.259441,6.259441,0.0,,,,,,,24.54852,24.54852,0.0,,,,30.807961,30.807961,0.0,,,,,,
precincts,001,Alamance,872a8ba12ffffff,,,,92.424497,92.424497,0.0,,,,,,,57.605801,57.605801,0.0,,,,150.030297,150.030297,0.0,,,,,,
precincts,001,Alamance,872a8ba80ffffff,,,,138.625295,138.625295,0.0,,,,,,,234.217609,234.217609,0.0,,,,372.842904,372.842904,0.0,,,,,,
precincts,001,Alamance,872a8ba81ffffff,,,,232.155889,232.155889,0.0,,,,,,,303.786101,303.786101,0.0,,,,535.94199,535.94199,0.0,,,,,,
precincts,001,Alamance,872a8ba82ffffff,,,,288.34989,-740.65011,1029.0,,,,,,,390.828409,-1001.171591,1392.0,,,,679.178299,-1741.821701,2421.0,,,,,,
precincts,001,Alamance,872a8ba83ffffff,,,,256.554263,256.554263,0.0,,,,,,,328.324047,328.324047,0.0,,,,584.87831,584.87831,0.0,,,,,,
precincts,001,Alamance,872a8ba84ffffff,,,,138.201092,138.201092,0.0,,,,,,,233.821908,233.821908,0.0,,,,372.022999,372.022999,0.0,,,,,,
precincts,001,Alamance,872a8ba85ffffff,,,,138.054442,-771.945558,910.0,,,,,,,233.934011,-1308.065989,1542.0,,,,371.988453,-2080.011547,2452.0,,,,,,
precincts,001,Alamance,872a8ba86ffffff,,,,224.41353,224.41353,0.0,,,,,,,262.939718,262.939718,0.0,,,,487.353248,487.353248,0.0,,,,,,
precincts,001,Alamance,872a8ba88ffffff,,,,89.224004,89.224004,0.0,,,,,,,133.713107,133.713107,0.0,,,,222.937111,222.937111,0.0,,,,,,
precincts,001,Alamance,872a8ba89ffffff,,,,89.190441,-1362.809559,1452.0,,,,,,,133.662809,-2042.337191,2176.0,,,,222.85325,-3405.14675,3628.0,,,,,,
precincts,001,Alamance,872a8ba8affffff,,,,102.326424,102.326424,0.0,,,,,,,172.681149,172.681149,0.0,,,,275.007573,275.007573,0.0,,,,,,
precincts,001,Alamance,872a8ba8bffffff,,,,88.439715,88.439715,0.0,,,,,,,134.298561,134.298561,0.0,,,,222.738275,222.738275,0.0,,,,,,
precincts,001,Alamance,872a8ba8cffffff,,,,90.035317,90.035317,0.0,,,,,,,134.652339,134.652339,0.0,,,,224.687657,224.687657,0.0,,,,,,
precincts,001,Alamance,872a8ba8dffffff,,,,89.230329,89.230329,0.0,,,,,,,133.722586,133.722586,0.0,,,,222.952915,222.952915,0.0,,,,,,
precincts,001,Alamance,872a8ba8effffff,,,,172.652462,-668.347538,841.0,,,,,,,228.836558,-831.163442,1060.0,,,,401.489021,-1499.510979,1901.0,,,,,,
precincts,001,Alamance,872a8ba90ffffff,,,,478.308042,478.308042,0.0,,,,,,,584.194718,584.194718,0.0,,,,1062.502759,1062.502759,0.0,,,,,,
precincts,001,Alamance,872a8ba91ffffff,,,,388.940242,388.940242,0.0,,,,,,,537.27195,537.27195,0.0,,,,926.212192,926.212192,0.0,,,,,,
precincts,001,Alamance,872a8ba92ffffff,,,,243.344559,243.344559,0.0,,,,,,,360.727161,360.727161,0.0,,,,604.071721,604.071721,0.0,,,,,,
precincts,001,Alamance,872a8ba93ffffff,,,,408.201868,-1074.798132,1483.0,,,,,,,572.254374,-1505.745626,2078.0,,,,980.456242,-2580.543758,3561.0,,,,,,
precincts,001,Alamance,872a8ba94ffffff,,,,990.073935,-6.926065,997.0,,,,,,,610.039138,50.039138,560.0,,,,1600.113074,43.113074,1557.0,,,,,,
precincts,001,Alamance,872a8ba95ffffff,,,,436.608176,436.608176,0.0,,,,,,,510.579378,510.579378,0.0,,,,947.187554,947.187554,0.0,,,,,,
precincts,001,Alamance,872a8ba96ffffff,,,,1046.454483,115.454483,931.0,,,,,,,669.339411,52.339411,617.0,,,,1715.793894,167.793894,1548.0,,,,,,
precincts,001,Alamance,872a8ba98ffffff,,,,49.067868,49.067868,0.0,,,,,,,168.570506,168.570506,0.0,,,,217.638374,217.638374,0.0,,,,,,
precincts,001,Alamance,872a8ba99ffffff,,,,49.049451,49.049451,0.0,,,,,,,168.507235,168.507235,0.0,,,,217.556685,217.556685,0.0,,,,,,
precincts,001,Alamance,872a8ba9affffff,,,,48.175902,48.175902,0.0,,,,,,,167.052428,167.052428,0.0,,,,215.22833,215.22833,0.0,,,,,,
precincts,001,Alamance,872a8ba9bffffff,,,,49.045909,49.045909,0.0,,,,,,,168.495068,168.495068,0.0,,,,217.540978,217.540978,0.0,,,,,,
precincts,001,Alamance,872a8ba9cffffff,,,,286.973001,286.973001,0.0,,,,,,,411.858122,411.858122,0.0,,,,698.831123,698.831123,0.0,,,,,,
precincts,001,Alamance,872a8ba9dffffff,,,,144.313305,144.313305,0.0,,,,,,,242.984035,242.984035,0.0,,,,387.297339,387.297339,0.0,,,,,,
precincts,001,Alamance,872a8ba9effffff,,,,303.576228,303.576228,0.0,,,,,,,454.61516,454.61516,0.0,,,,758.191388,758.191388,0.0,,,,,,
precincts,001,Alamance,872a8baa0ffffff,,,,657.351494,-1940.648506,2598.0,,,,,,,528.816252,-1561.183748,2090.0,,,,1186.167746,-3501.832254,4688.0,,,,,,
precincts,001,Alamance,872a8baa1ffffff,,,,741.763923,741.763923,0.0,,,,,,,559.124004,559.124004,0.0,,,,1300.887927,1300.887927,0.0,,,,,,
precincts,001,Alamance,872a8baa2ffffff,,,,512.471014,512.471014,0.0,,,,,,,446.47951,446.47951,0.0,,,,958.950524,958.950524,0.0,,,,,,
precincts,001,Alamance,872a8baa3ffffff,,,,499.931877,499.931877,0.0,,,,,,,439.39837,439.39837,0.0,,,,939.330247,939.330247,0.0,,,,,,
precincts,001,Alamance,872a8baa4ffffff,,,,381.544485,381.544485,0.0,,,,,,,419.663361,419.663361,0.0,,,,801.207846,801.207846,0.0,,,,,,
precincts,001,Alamance,872a8baa5ffffff,,,,794.428327,-219.571673,1014.0,,,,,,,524.547306,-107.452694,632.0,,,,1318.975633,-327.024367,1646.0,,,,,,
precincts,001,Alamance,872a8baa6ffffff,,,,366.064577,366.064577,0.0,,,,,,,404.260989,404.260989,0.0,,,,770.325567,770.325567,0.0,,,,,,
precincts,001,Alamance,872a8baa8ffffff,,,,98.524656,98.524656,0.0,,,,,,,157.024787,157.024787,0.0,,,,255.549443,255.549443,0.0,,,,,,
precincts,001,Alamance,872a8baa9ffffff,,,,19.435769,19.435769,0.0,,,,,,,29.126882,29.126882,0.0,,,,48.562651,48.562651,0.0,,,,,,
precincts,001,Alamance,872a8baaaffffff,,,,174.783465,174.783465,0.0,,,,,,,243.473333,243.473333,0.0,,,,418.256798,418.256798,0.0,,,,,,
precincts,001,Alamance,872a8baabffffff,,,,89.270207,89.270207,0.0,,,,,,,133.782349,133.782349,0.0,,,,223.052556,223.052556,0.0,,,,,,
precincts,001,Alamance,872a8baacffffff,,,,70.778894,70.778894,0.0,,,,,,,115.157437,115.157437,0.0,,,,185.936331,185.936331,0.0,,,,,,
precincts,001,Alamance,872a8baaeffffff,,,,163.535426,163.535426,0.0,,,,,,,248.407548,248.407548,0.0,,,,411.942974,411.942974,0.0,,,,,,
precincts,001,Alamance,872a8bab0ffffff,,,,191.667838,191.667838,0.0,,,,,,,161.408786,161.408786,0.0,,,,353.076624,353.076624,0.0,,,,,,
precincts,001,Alamance,872a8bab1ffffff,,,,171.926532,171.926532,0.0,,,,,,,173.59313,173.59313,0.0,,,,345.519662,345.519662,0.0,,,,,,
precincts,001,Alamance,872a8bab2ffffff,,,,839.885225,-358.114775,1198.0,,,,,,,420.409222,-150.590778,571.0,,,,1260.294447,-508.705553,1769.0,,,,,,
precincts,001,Alamance,872a8bab3ffffff,,,,563.436665,-356.563335,920.0,,,,,,,486.710693,-340.289307,827.0,,,,1050.147359,-696.852641,1747.0,,,,,,
precincts,001,Alamance,872a8bab4ffffff,,,,175.732599,-1236.267401,1412.0,,,,,,,155.32173,-1092.67827,1248.0,,,,331.054329,-2328.945671,2660.0,,,,,,
precincts,001,Alamance,872a8bab5ffffff,,,,215.223685,215.223685,0.0,,,,,,,221.519076,221.519076,0.0,,,,436.742761,436.742761,0.0,,,,,,
precincts,001,Alamance,872a8bab6ffffff,,,,134.092624,134.092624,0.0,,,,,,,134.182841,134.182841,0.0,,,,268.275465,268.275465,0.0,,,,,,
precincts,001,Alamance,872a8bac2ffffff,,,,17.758131,17.758131,0.0,,,,,,,26.612736,26.612736,0.0,,,,44.370867,44.370867,0.0,,,,,,
precincts,001,Alamance,872a8bad0ffffff,,,,87.544501,87.544501,0.0,,,,,,,131.576258,131.576258,0.0,,,,219.120759,219.120759,0.0,,,,,,
precincts,001,Alamance,872a8bad1ffffff,,,,89.052972,89.052972,0.0,,,,,,,133.464144,133.464144,0.0,,,,222.517117,222.517117,0.0,,,,,,
precincts,001,Alamance,872a8bad2ffffff,,,,53.246897,53.246897,0.0,,,,,,,88.465849,88.465849,0.0,,,,141.712746,141.712746,0.0,,,,,,
precincts,001,Alamance,872a8bad3ffffff,,,,47.341663,47.341663,0.0,,,,,,,81.035408,81.035408,0.0,,,,128.377071,128.377071,0.0,,,,,,
precincts,001,Alamance,872a8bad4ffffff,,,,89.15686,89.15686,0.0,,,,,,,133.612484,133.612484,0.0,,,,222.769343,222.769343,0.0,,,,,,
precincts,001,Alamance,872a8bad5ffffff,,,,77.793507,77.793507,0.0,,,,,,,116.583107,116.583107,0.0,,,,194.376613,194.376613,0.0,,,,,,
precincts,001,Alamance,872a8bad6ffffff,,,,89.150543,89.150543,0.0,,,,,,,133.603018,133.603018,0.0,,,,222.753561,222.753561,0.0,,,,,,
precincts,001,Alamance,872a8bad8ffffff,,,,41.799892,41.799892,0.0,,,,,,,73.97836,73.97836,0.0,,,,115.778251,115.778251,0.0,,,,,,
precincts,001,Alamance,872a8bad9ffffff,,,,20.429087,20.429087,0.0,,,,,,,45.529424,45.529424,0.0,,,,65.958511,65.958511,0.0,,,,,,
precincts,001,Alamance,872a8badaffffff,,,,40.467169,40.467169,0.0,,,,,,,72.269418,72.269418,0.0,,,,112.736587,112.736587,0.0,,,,,,
precincts,001,Alamance,872a8badbffffff,,,,20.013846,20.013846,0.0,,,,,,,46.056728,46.056728,0.0,,,,66.070574,66.070574,0.0,,,,,,
precincts,001,Alamance,872a8badcffffff,,,,45.663434,45.663434,0.0,,,,,,,71.657133,71.657133,0.0,,,,117.320566,117.320566,0.0,,,,,,
precincts,001,Alamance,872a8baddffffff,,,,11.378202,11.378202,0.0,,,,,,,19.753637,19.753637,0.0,,,,31.131839,31.131839,0.0,,,,,,
precincts,001,Alamance,872a8badeffffff,,,,48.945168,48.945168,0.0,,,,,,,83.042745,83.042745,0.0,,,,131.987913,131.987913,0.0,,,,,,
precincts,001,Alamance,872a8baf0ffffff,,,,2.820637,2.820637,0.0,,,,,,,4.22707,4.22707,0.0,,,,7.047707,7.047707,0.0,,,,,,
precincts,001,Alamance,872a8baf2ffffff,,,,89.196742,89.196742,0.0,,,,,,,133.672253,133.672253,0.0,,,,222.868995,222.868995,0.0,,,,,,
precincts,001,Alamance,872a8baf3ffffff,,,,37.694409,37.694409,0.0,,,,,,,56.489692,56.489692,0.0,,,,94.184101,94.184101,0.0,,,,,,
precincts,001,Alamance,872a8baf6ffffff,,,,60.455172,60.455172,0.0,,,,,,,90.599486,90.599486,0.0,,,,151.054658,151.054658,0.0,,,,,,
precincts,001,Alamance,872a8bb80ffffff,,,,42.979686,42.979686,0.0,,,,,,,42.6908,42.6908,0.0,,,,85.670486,85.670486,0.0,,,,,,
precincts,001,Alamance,872a8bb81ffffff,,,,5.774319,5.774319,0.0,,,,,,,5.735508,5.735508,0.0,,,,11.509827,11.509827,0.0,,,,,,
precincts,001,Alamance,872a8bb82ffffff,,,,54.85015,54.85015,0.0,,,,,,,54.481478,54.481478,0.0,,,,109.331629,109.331629,0.0,,,,,,
precincts,001,Alamance,872a8bb83ffffff,,,,54.829616,54.829616,0.0,,,,,,,54.461083,54.461083,0.0,,,,109.290699,109.290699,0.0,,,,,,
precincts,001,Alamance,872a8bb84ffffff,,,,17.455419,17.455419,0.0,,,,,,,17.338094,17.338094,0.0,,,,34.793513,34.793513,0.0,,,,,,
precincts,001,Alamance,872a8bb86ffffff,,,,54.874538,54.874538,0.0,,,,,,,54.505702,54.505702,0.0,,,,109.38024,109.38024,0.0,,,,,,
precincts,001,Alamance,872a8bb8affffff,,,,257.118491,257.118491,0.0,,,,,,,355.260173,355.260173,0.0,,,,612.378664,612.378664,0.0,,,,,,
precincts,001,Alamance,872a8bb8bffffff,,,,81.572361,81.572361,0.0,,,,,,,112.70839,112.70839,0.0,,,,194.280751,194.280751,0.0,,,,,,
precincts,001,Alamance,872a8bb8effffff,,,,78.190656,78.190656,0.0,,,,,,,101.350031,101.350031,0.0,,,,179.540687,179.540687,0.0,,,,,,
precincts,001,Alamance,872a8bb90ffffff,,,,54.866783,54.866783,0.0,,,,,,,54.498,54.498,0.0,,,,109.364783,109.364783,0.0,,,,,,
precincts,001,Alamance,872a8bb91ffffff,,,,54.846275,54.846275,0.0,,,,,,,54.47763,54.47763,0.0,,,,109.323905,109.323905,0.0,,,,,,
precincts,001,Alamance,872a8bb92ffffff,,,,43.876238,43.876238,0.0,,,,,,,65.502936,65.502936,0.0,,,,109.379174,109.379174,0.0,,,,,,
precincts,001,Alamance,872a8bb93ffffff,,,,54.842377,54.842377,0.0,,,,,,,54.473758,54.473758,0.0,,,,109.316134,109.316134,0.0,,,,,,
precincts,001,Alamance,872a8bb94ffffff,,,,54.891183,54.891183,0.0,,,,,,,54.522236,54.522236,0.0,,,,109.413419,109.413419,0.0,,,,,,
precincts,001,Alamance,872a8bb95ffffff,,,,54.870672,-1284.129328,1339.0,,,,,,,54.501863,-1275.498137,1330.0,,,,109.372535,-2559.627465,2669.0,,,,,,
precincts,001,Alamance,872a8bb96ffffff,,,,54.874581,54.874581,0.0,,,,,,,54.531083,54.531083,0.0,,,,109.405663,109.405663,0.0,,,,,,
precincts,001,Alamance,872a8bb98ffffff,,,,136.839447,136.839447,0.0,,,,,,,122.877583,122.877583,0.0,,,,259.71703,259.71703,0.0,,,,,,
precincts,001,Alamance,872a8bb99ffffff,,,,253.977428,-959.022572,1213.0,,,,,,,334.299648,-1341.700352,1676.0,,,,588.277076,-2300.722924,2889.0,,,,,,
precincts,001,Alamance,872a8bb9affffff,,,,149.603873,149.603873,0.0,,,,,,,133.526355,133.526355,0.0,,,,283.130227,283.130227,0.0,,,,,,
precincts,001,Alamance,872a8bb9bffffff,,,,176.833706,176.833706,0.0,,,,,,,157.823327,157.823327,0.0,,,,334.657033,334.657033,0.0,,,,,,
precincts,001,Alamance,872a8bb9cffffff,,,,54.825756,54.825756,0.0,,,,,,,54.457249,54.457249,0.0,,,,109.283005,109.283005,0.0,,,,,,
precincts,001,Alamance,872a8bb9dffffff,,,,168.638681,168.638681,0.0,,,,,,,216.105626,216.105626,0.0,,,,384.744307,384.744307,0.0,,,,,,
precincts,001,Alamance,872a8bb9effffff,,,,54.821872,54.821872,0.0,,,,,,,54.453391,54.453391,0.0,,,,109.275263,109.275263,0.0,,,,,,
precincts,001,Alamance,872a8bbb0ffffff,,,,54.919448,54.919448,0.0,,,,,,,54.55031,54.55031,0.0,,,,109.469758,109.469758,0.0,,,,,,
precincts,001,Alamance,872a8bbb1ffffff,,,,53.219403,53.219403,0.0,,,,,,,52.861693,52.861693,0.0,,,,106.081096,106.081096,0.0,,,,,,
precincts,001,Alamance,872a8bbb2ffffff,,,,54.915577,54.915577,0.0,,,,,,,54.546466,54.546466,0.0,,,,109.462043,109.462043,0.0,,,,,,
precincts,001,Alamance,872a8bbb3ffffff,,,,54.895063,54.895063,0.0,,,,,,,54.52609,54.52609,0.0,,,,109.421153,109.421153,0.0,,,,,,
precincts,001,Alamance,872a8bbb4ffffff,,,,32.522116,32.522116,0.0,,,,,,,32.303521,32.303521,0.0,,,,64.825637,64.825637,0.0,,,,,,
precincts,001,Alamance,872a8bbb5ffffff,,,,31.840302,31.840302,0.0,,,,,,,31.626289,31.626289,0.0,,,,63.466591,63.466591,0.0,,,,,,
precincts,001,Alamance,872a8bbb6ffffff,,,,40.902077,40.902077,0.0,,,,,,,40.627156,40.627156,0.0,,,,81.529233,81.529233,0.0,,,,,,
